[2026-01-17 17:13:16] production.ERROR: SQLSTATE[HY000]: General error: 1005 Can't create table `seke9323_kenam`.`depense_caisses` (errno: 150 "Foreign key constraint is incorrectly formed") (Connection: mysql, SQL: alter table `depense_caisses` add constraint `depense_caisses_compte_comptable_id_foreign` foreign key (`compte_comptable_id`) references `comptes_comptables` (`id`) on delete set null) {"exception":"[object] (Illuminate\\Database\\QueryException(code: HY000): SQLSTATE[HY000]: General error: 1005 Can't create table `seke9323_kenam`.`depense_caisses` (errno: 150 \"Foreign key constraint is incorrectly formed\") (Connection: mysql, SQL: alter table `depense_caisses` add constraint `depense_caisses_compte_comptable_id_foreign` foreign key (`compte_comptable_id`) references `comptes_comptables` (`id`) on delete set null) at /home/seke9323/ksl.kenamservices.net/vendor/laravel/framework/src/Illuminate/Database/Connection.php:825)
[stacktrace]
#0 /home/seke9323/ksl.kenamservices.net/vendor/laravel/framework/src/Illuminate/Database/Connection.php(779): Illuminate\\Database\\Connection->runQueryCallback()
#1 /home/seke9323/ksl.kenamservices.net/vendor/laravel/framework/src/Illuminate/Database/Connection.php(560): Illuminate\\Database\\Connection->run()
#2 /home/seke9323/ksl.kenamservices.net/vendor/laravel/framework/src/Illuminate/Database/Schema/Blueprint.php(118): Illuminate\\Database\\Connection->statement()
#3 /home/seke9323/ksl.kenamservices.net/vendor/laravel/framework/src/Illuminate/Database/Schema/Builder.php(564): Illuminate\\Database\\Schema\\Blueprint->build()
#4 /home/seke9323/ksl.kenamservices.net/vendor/laravel/framework/src/Illuminate/Database/Schema/Builder.php(406): Illuminate\\Database\\Schema\\Builder->build()
#5 /home/seke9323/ksl.kenamservices.net/vendor/laravel/framework/src/Illuminate/Support/Facades/Facade.php(361): Illuminate\\Database\\Schema\\Builder->table()
#6 /home/seke9323/ksl.kenamservices.net/database/migrations/2025_11_26_141200_update_depense_caisses_table.php(18): Illuminate\\Support\\Facades\\Facade::__callStatic()
#7 /home/seke9323/ksl.kenamservices.net/vendor/laravel/framework/src/Illuminate/Database/Migrations/Migrator.php(507): Illuminate\\Database\\Migrations\\Migration@anonymous->up()
#8 /home/seke9323/ksl.kenamservices.net/vendor/laravel/framework/src/Illuminate/Database/Migrations/Migrator.php(432): Illuminate\\Database\\Migrations\\Migrator->runMethod()
#9 /home/seke9323/ksl.kenamservices.net/vendor/laravel/framework/src/Illuminate/Database/Migrations/Migrator.php(441): Illuminate\\Database\\Migrations\\Migrator->Illuminate\\Database\\Migrations\\{closure}()
#10 /home/seke9323/ksl.kenamservices.net/vendor/laravel/framework/src/Illuminate/Database/Migrations/Migrator.php(244): Illuminate\\Database\\Migrations\\Migrator->runMigration()
#11 /home/seke9323/ksl.kenamservices.net/vendor/laravel/framework/src/Illuminate/Console/View/Components/Task.php(40): Illuminate\\Database\\Migrations\\Migrator->Illuminate\\Database\\Migrations\\{closure}()
#12 /home/seke9323/ksl.kenamservices.net/vendor/laravel/framework/src/Illuminate/Database/Migrations/Migrator.php(798): Illuminate\\Console\\View\\Components\\Task->render()
#13 /home/seke9323/ksl.kenamservices.net/vendor/laravel/framework/src/Illuminate/Database/Migrations/Migrator.php(244): Illuminate\\Database\\Migrations\\Migrator->write()
#14 /home/seke9323/ksl.kenamservices.net/vendor/laravel/framework/src/Illuminate/Database/Migrations/Migrator.php(211): Illuminate\\Database\\Migrations\\Migrator->runUp()
#15 /home/seke9323/ksl.kenamservices.net/vendor/laravel/framework/src/Illuminate/Database/Migrations/Migrator.php(138): Illuminate\\Database\\Migrations\\Migrator->runPending()
#16 /home/seke9323/ksl.kenamservices.net/vendor/laravel/framework/src/Illuminate/Database/Console/Migrations/MigrateCommand.php(117): Illuminate\\Database\\Migrations\\Migrator->run()
#17 /home/seke9323/ksl.kenamservices.net/vendor/laravel/framework/src/Illuminate/Database/Migrations/Migrator.php(658): Illuminate\\Database\\Console\\Migrations\\MigrateCommand->Illuminate\\Database\\Console\\Migrations\\{closure}()
#18 /home/seke9323/ksl.kenamservices.net/vendor/laravel/framework/src/Illuminate/Database/Console/Migrations/MigrateCommand.php(110): Illuminate\\Database\\Migrations\\Migrator->usingConnection()
#19 /home/seke9323/ksl.kenamservices.net/vendor/laravel/framework/src/Illuminate/Database/Console/Migrations/MigrateCommand.php(89): Illuminate\\Database\\Console\\Migrations\\MigrateCommand->runMigrations()
#20 /home/seke9323/ksl.kenamservices.net/vendor/laravel/framework/src/Illuminate/Container/BoundMethod.php(36): Illuminate\\Database\\Console\\Migrations\\MigrateCommand->handle()
#21 /home/seke9323/ksl.kenamservices.net/vendor/laravel/framework/src/Illuminate/Container/Util.php(43): Illuminate\\Container\\BoundMethod::Illuminate\\Container\\{closure}()
#22 /home/seke9323/ksl.kenamservices.net/vendor/laravel/framework/src/Illuminate/Container/BoundMethod.php(95): Illuminate\\Container\\Util::unwrapIfClosure()
#23 /home/seke9323/ksl.kenamservices.net/vendor/laravel/framework/src/Illuminate/Container/BoundMethod.php(35): Illuminate\\Container\\BoundMethod::callBoundMethod()
#24 /home/seke9323/ksl.kenamservices.net/vendor/laravel/framework/src/Illuminate/Container/Container.php(696): Illuminate\\Container\\BoundMethod::call()
#25 /home/seke9323/ksl.kenamservices.net/vendor/laravel/framework/src/Illuminate/Console/Command.php(213): Illuminate\\Container\\Container->call()
#26 /home/seke9323/ksl.kenamservices.net/vendor/symfony/console/Command/Command.php(318): Illuminate\\Console\\Command->execute()
#27 /home/seke9323/ksl.kenamservices.net/vendor/laravel/framework/src/Illuminate/Console/Command.php(182): Symfony\\Component\\Console\\Command\\Command->run()
#28 /home/seke9323/ksl.kenamservices.net/vendor/symfony/console/Application.php(1110): Illuminate\\Console\\Command->run()
#29 /home/seke9323/ksl.kenamservices.net/vendor/symfony/console/Application.php(359): Symfony\\Component\\Console\\Application->doRunCommand()
#30 /home/seke9323/ksl.kenamservices.net/vendor/symfony/console/Application.php(194): Symfony\\Component\\Console\\Application->doRun()
#31 /home/seke9323/ksl.kenamservices.net/vendor/laravel/framework/src/Illuminate/Foundation/Console/Kernel.php(198): Symfony\\Component\\Console\\Application->run()
#32 /home/seke9323/ksl.kenamservices.net/vendor/laravel/framework/src/Illuminate/Foundation/Application.php(1235): Illuminate\\Foundation\\Console\\Kernel->handle()
#33 /home/seke9323/ksl.kenamservices.net/artisan(13): Illuminate\\Foundation\\Application->handleCommand()
#34 {main}

[previous exception] [object] (PDOException(code: HY000): SQLSTATE[HY000]: General error: 1005 Can't create table `seke9323_kenam`.`depense_caisses` (errno: 150 \"Foreign key constraint is incorrectly formed\") at /home/seke9323/ksl.kenamservices.net/vendor/laravel/framework/src/Illuminate/Database/Connection.php:571)
[stacktrace]
#0 /home/seke9323/ksl.kenamservices.net/vendor/laravel/framework/src/Illuminate/Database/Connection.php(571): PDOStatement->execute()
#1 /home/seke9323/ksl.kenamservices.net/vendor/laravel/framework/src/Illuminate/Database/Connection.php(812): Illuminate\\Database\\Connection->Illuminate\\Database\\{closure}()
#2 /home/seke9323/ksl.kenamservices.net/vendor/laravel/framework/src/Illuminate/Database/Connection.php(779): Illuminate\\Database\\Connection->runQueryCallback()
#3 /home/seke9323/ksl.kenamservices.net/vendor/laravel/framework/src/Illuminate/Database/Connection.php(560): Illuminate\\Database\\Connection->run()
#4 /home/seke9323/ksl.kenamservices.net/vendor/laravel/framework/src/Illuminate/Database/Schema/Blueprint.php(118): Illuminate\\Database\\Connection->statement()
#5 /home/seke9323/ksl.kenamservices.net/vendor/laravel/framework/src/Illuminate/Database/Schema/Builder.php(564): Illuminate\\Database\\Schema\\Blueprint->build()
#6 /home/seke9323/ksl.kenamservices.net/vendor/laravel/framework/src/Illuminate/Database/Schema/Builder.php(406): Illuminate\\Database\\Schema\\Builder->build()
#7 /home/seke9323/ksl.kenamservices.net/vendor/laravel/framework/src/Illuminate/Support/Facades/Facade.php(361): Illuminate\\Database\\Schema\\Builder->table()
#8 /home/seke9323/ksl.kenamservices.net/database/migrations/2025_11_26_141200_update_depense_caisses_table.php(18): Illuminate\\Support\\Facades\\Facade::__callStatic()
#9 /home/seke9323/ksl.kenamservices.net/vendor/laravel/framework/src/Illuminate/Database/Migrations/Migrator.php(507): Illuminate\\Database\\Migrations\\Migration@anonymous->up()
#10 /home/seke9323/ksl.kenamservices.net/vendor/laravel/framework/src/Illuminate/Database/Migrations/Migrator.php(432): Illuminate\\Database\\Migrations\\Migrator->runMethod()
#11 /home/seke9323/ksl.kenamservices.net/vendor/laravel/framework/src/Illuminate/Database/Migrations/Migrator.php(441): Illuminate\\Database\\Migrations\\Migrator->Illuminate\\Database\\Migrations\\{closure}()
#12 /home/seke9323/ksl.kenamservices.net/vendor/laravel/framework/src/Illuminate/Database/Migrations/Migrator.php(244): Illuminate\\Database\\Migrations\\Migrator->runMigration()
#13 /home/seke9323/ksl.kenamservices.net/vendor/laravel/framework/src/Illuminate/Console/View/Components/Task.php(40): Illuminate\\Database\\Migrations\\Migrator->Illuminate\\Database\\Migrations\\{closure}()
#14 /home/seke9323/ksl.kenamservices.net/vendor/laravel/framework/src/Illuminate/Database/Migrations/Migrator.php(798): Illuminate\\Console\\View\\Components\\Task->render()
#15 /home/seke9323/ksl.kenamservices.net/vendor/laravel/framework/src/Illuminate/Database/Migrations/Migrator.php(244): Illuminate\\Database\\Migrations\\Migrator->write()
#16 /home/seke9323/ksl.kenamservices.net/vendor/laravel/framework/src/Illuminate/Database/Migrations/Migrator.php(211): Illuminate\\Database\\Migrations\\Migrator->runUp()
#17 /home/seke9323/ksl.kenamservices.net/vendor/laravel/framework/src/Illuminate/Database/Migrations/Migrator.php(138): Illuminate\\Database\\Migrations\\Migrator->runPending()
#18 /home/seke9323/ksl.kenamservices.net/vendor/laravel/framework/src/Illuminate/Database/Console/Migrations/MigrateCommand.php(117): Illuminate\\Database\\Migrations\\Migrator->run()
#19 /home/seke9323/ksl.kenamservices.net/vendor/laravel/framework/src/Illuminate/Database/Migrations/Migrator.php(658): Illuminate\\Database\\Console\\Migrations\\MigrateCommand->Illuminate\\Database\\Console\\Migrations\\{closure}()
#20 /home/seke9323/ksl.kenamservices.net/vendor/laravel/framework/src/Illuminate/Database/Console/Migrations/MigrateCommand.php(110): Illuminate\\Database\\Migrations\\Migrator->usingConnection()
#21 /home/seke9323/ksl.kenamservices.net/vendor/laravel/framework/src/Illuminate/Database/Console/Migrations/MigrateCommand.php(89): Illuminate\\Database\\Console\\Migrations\\MigrateCommand->runMigrations()
#22 /home/seke9323/ksl.kenamservices.net/vendor/laravel/framework/src/Illuminate/Container/BoundMethod.php(36): Illuminate\\Database\\Console\\Migrations\\MigrateCommand->handle()
#23 /home/seke9323/ksl.kenamservices.net/vendor/laravel/framework/src/Illuminate/Container/Util.php(43): Illuminate\\Container\\BoundMethod::Illuminate\\Container\\{closure}()
#24 /home/seke9323/ksl.kenamservices.net/vendor/laravel/framework/src/Illuminate/Container/BoundMethod.php(95): Illuminate\\Container\\Util::unwrapIfClosure()
#25 /home/seke9323/ksl.kenamservices.net/vendor/laravel/framework/src/Illuminate/Container/BoundMethod.php(35): Illuminate\\Container\\BoundMethod::callBoundMethod()
#26 /home/seke9323/ksl.kenamservices.net/vendor/laravel/framework/src/Illuminate/Container/Container.php(696): Illuminate\\Container\\BoundMethod::call()
#27 /home/seke9323/ksl.kenamservices.net/vendor/laravel/framework/src/Illuminate/Console/Command.php(213): Illuminate\\Container\\Container->call()
#28 /home/seke9323/ksl.kenamservices.net/vendor/symfony/console/Command/Command.php(318): Illuminate\\Console\\Command->execute()
#29 /home/seke9323/ksl.kenamservices.net/vendor/laravel/framework/src/Illuminate/Console/Command.php(182): Symfony\\Component\\Console\\Command\\Command->run()
#30 /home/seke9323/ksl.kenamservices.net/vendor/symfony/console/Application.php(1110): Illuminate\\Console\\Command->run()
#31 /home/seke9323/ksl.kenamservices.net/vendor/symfony/console/Application.php(359): Symfony\\Component\\Console\\Application->doRunCommand()
#32 /home/seke9323/ksl.kenamservices.net/vendor/symfony/console/Application.php(194): Symfony\\Component\\Console\\Application->doRun()
#33 /home/seke9323/ksl.kenamservices.net/vendor/laravel/framework/src/Illuminate/Foundation/Console/Kernel.php(198): Symfony\\Component\\Console\\Application->run()
#34 /home/seke9323/ksl.kenamservices.net/vendor/laravel/framework/src/Illuminate/Foundation/Application.php(1235): Illuminate\\Foundation\\Console\\Kernel->handle()
#35 /home/seke9323/ksl.kenamservices.net/artisan(13): Illuminate\\Foundation\\Application->handleCommand()
#36 {main}
"} 
[2026-01-17 17:14:09] production.ERROR: SQLSTATE[42S01]: Base table or view already exists: 1050 Table 'validations' already exists (Connection: mysql, SQL: create table `validations` (`id` bigint unsigned not null auto_increment primary key, `titre` varchar(255) not null, `description` text null, `statut` enum('en_attente', 'en_cours', 'approuve', 'rejete') not null default 'en_attente', `initiateur_id` bigint unsigned not null, `validateur_id` bigint unsigned null, `commentaire` text null, `date_validation` timestamp null, `created_at` timestamp null, `updated_at` timestamp null) default character set utf8mb4 collate 'utf8mb4_unicode_ci') {"exception":"[object] (Illuminate\\Database\\QueryException(code: 42S01): SQLSTATE[42S01]: Base table or view already exists: 1050 Table 'validations' already exists (Connection: mysql, SQL: create table `validations` (`id` bigint unsigned not null auto_increment primary key, `titre` varchar(255) not null, `description` text null, `statut` enum('en_attente', 'en_cours', 'approuve', 'rejete') not null default 'en_attente', `initiateur_id` bigint unsigned not null, `validateur_id` bigint unsigned null, `commentaire` text null, `date_validation` timestamp null, `created_at` timestamp null, `updated_at` timestamp null) default character set utf8mb4 collate 'utf8mb4_unicode_ci') at /home/seke9323/ksl.kenamservices.net/vendor/laravel/framework/src/Illuminate/Database/Connection.php:825)
[stacktrace]
#0 /home/seke9323/ksl.kenamservices.net/vendor/laravel/framework/src/Illuminate/Database/Connection.php(779): Illuminate\\Database\\Connection->runQueryCallback()
#1 /home/seke9323/ksl.kenamservices.net/vendor/laravel/framework/src/Illuminate/Database/Connection.php(560): Illuminate\\Database\\Connection->run()
#2 /home/seke9323/ksl.kenamservices.net/vendor/laravel/framework/src/Illuminate/Database/Schema/Blueprint.php(118): Illuminate\\Database\\Connection->statement()
#3 /home/seke9323/ksl.kenamservices.net/vendor/laravel/framework/src/Illuminate/Database/Schema/Builder.php(564): Illuminate\\Database\\Schema\\Blueprint->build()
#4 /home/seke9323/ksl.kenamservices.net/vendor/laravel/framework/src/Illuminate/Database/Schema/Builder.php(418): Illuminate\\Database\\Schema\\Builder->build()
#5 /home/seke9323/ksl.kenamservices.net/vendor/laravel/framework/src/Illuminate/Support/Facades/Facade.php(361): Illuminate\\Database\\Schema\\Builder->create()
#6 /home/seke9323/ksl.kenamservices.net/database/migrations/2026_01_12_180030_create_validations_table.php(14): Illuminate\\Support\\Facades\\Facade::__callStatic()
#7 /home/seke9323/ksl.kenamservices.net/vendor/laravel/framework/src/Illuminate/Database/Migrations/Migrator.php(507): Illuminate\\Database\\Migrations\\Migration@anonymous->up()
#8 /home/seke9323/ksl.kenamservices.net/vendor/laravel/framework/src/Illuminate/Database/Migrations/Migrator.php(432): Illuminate\\Database\\Migrations\\Migrator->runMethod()
#9 /home/seke9323/ksl.kenamservices.net/vendor/laravel/framework/src/Illuminate/Database/Migrations/Migrator.php(441): Illuminate\\Database\\Migrations\\Migrator->Illuminate\\Database\\Migrations\\{closure}()
#10 /home/seke9323/ksl.kenamservices.net/vendor/laravel/framework/src/Illuminate/Database/Migrations/Migrator.php(244): Illuminate\\Database\\Migrations\\Migrator->runMigration()
#11 /home/seke9323/ksl.kenamservices.net/vendor/laravel/framework/src/Illuminate/Console/View/Components/Task.php(40): Illuminate\\Database\\Migrations\\Migrator->Illuminate\\Database\\Migrations\\{closure}()
#12 /home/seke9323/ksl.kenamservices.net/vendor/laravel/framework/src/Illuminate/Database/Migrations/Migrator.php(798): Illuminate\\Console\\View\\Components\\Task->render()
#13 /home/seke9323/ksl.kenamservices.net/vendor/laravel/framework/src/Illuminate/Database/Migrations/Migrator.php(244): Illuminate\\Database\\Migrations\\Migrator->write()
#14 /home/seke9323/ksl.kenamservices.net/vendor/laravel/framework/src/Illuminate/Database/Migrations/Migrator.php(211): Illuminate\\Database\\Migrations\\Migrator->runUp()
#15 /home/seke9323/ksl.kenamservices.net/vendor/laravel/framework/src/Illuminate/Database/Migrations/Migrator.php(138): Illuminate\\Database\\Migrations\\Migrator->runPending()
#16 /home/seke9323/ksl.kenamservices.net/vendor/laravel/framework/src/Illuminate/Database/Console/Migrations/MigrateCommand.php(117): Illuminate\\Database\\Migrations\\Migrator->run()
#17 /home/seke9323/ksl.kenamservices.net/vendor/laravel/framework/src/Illuminate/Database/Migrations/Migrator.php(658): Illuminate\\Database\\Console\\Migrations\\MigrateCommand->Illuminate\\Database\\Console\\Migrations\\{closure}()
#18 /home/seke9323/ksl.kenamservices.net/vendor/laravel/framework/src/Illuminate/Database/Console/Migrations/MigrateCommand.php(110): Illuminate\\Database\\Migrations\\Migrator->usingConnection()
#19 /home/seke9323/ksl.kenamservices.net/vendor/laravel/framework/src/Illuminate/Database/Console/Migrations/MigrateCommand.php(89): Illuminate\\Database\\Console\\Migrations\\MigrateCommand->runMigrations()
#20 /home/seke9323/ksl.kenamservices.net/vendor/laravel/framework/src/Illuminate/Container/BoundMethod.php(36): Illuminate\\Database\\Console\\Migrations\\MigrateCommand->handle()
#21 /home/seke9323/ksl.kenamservices.net/vendor/laravel/framework/src/Illuminate/Container/Util.php(43): Illuminate\\Container\\BoundMethod::Illuminate\\Container\\{closure}()
#22 /home/seke9323/ksl.kenamservices.net/vendor/laravel/framework/src/Illuminate/Container/BoundMethod.php(95): Illuminate\\Container\\Util::unwrapIfClosure()
#23 /home/seke9323/ksl.kenamservices.net/vendor/laravel/framework/src/Illuminate/Container/BoundMethod.php(35): Illuminate\\Container\\BoundMethod::callBoundMethod()
#24 /home/seke9323/ksl.kenamservices.net/vendor/laravel/framework/src/Illuminate/Container/Container.php(696): Illuminate\\Container\\BoundMethod::call()
#25 /home/seke9323/ksl.kenamservices.net/vendor/laravel/framework/src/Illuminate/Console/Command.php(213): Illuminate\\Container\\Container->call()
#26 /home/seke9323/ksl.kenamservices.net/vendor/symfony/console/Command/Command.php(318): Illuminate\\Console\\Command->execute()
#27 /home/seke9323/ksl.kenamservices.net/vendor/laravel/framework/src/Illuminate/Console/Command.php(182): Symfony\\Component\\Console\\Command\\Command->run()
#28 /home/seke9323/ksl.kenamservices.net/vendor/symfony/console/Application.php(1110): Illuminate\\Console\\Command->run()
#29 /home/seke9323/ksl.kenamservices.net/vendor/symfony/console/Application.php(359): Symfony\\Component\\Console\\Application->doRunCommand()
#30 /home/seke9323/ksl.kenamservices.net/vendor/symfony/console/Application.php(194): Symfony\\Component\\Console\\Application->doRun()
#31 /home/seke9323/ksl.kenamservices.net/vendor/laravel/framework/src/Illuminate/Foundation/Console/Kernel.php(198): Symfony\\Component\\Console\\Application->run()
#32 /home/seke9323/ksl.kenamservices.net/vendor/laravel/framework/src/Illuminate/Foundation/Application.php(1235): Illuminate\\Foundation\\Console\\Kernel->handle()
#33 /home/seke9323/ksl.kenamservices.net/artisan(13): Illuminate\\Foundation\\Application->handleCommand()
#34 {main}

[previous exception] [object] (PDOException(code: 42S01): SQLSTATE[42S01]: Base table or view already exists: 1050 Table 'validations' already exists at /home/seke9323/ksl.kenamservices.net/vendor/laravel/framework/src/Illuminate/Database/Connection.php:571)
[stacktrace]
#0 /home/seke9323/ksl.kenamservices.net/vendor/laravel/framework/src/Illuminate/Database/Connection.php(571): PDOStatement->execute()
#1 /home/seke9323/ksl.kenamservices.net/vendor/laravel/framework/src/Illuminate/Database/Connection.php(812): Illuminate\\Database\\Connection->Illuminate\\Database\\{closure}()
#2 /home/seke9323/ksl.kenamservices.net/vendor/laravel/framework/src/Illuminate/Database/Connection.php(779): Illuminate\\Database\\Connection->runQueryCallback()
#3 /home/seke9323/ksl.kenamservices.net/vendor/laravel/framework/src/Illuminate/Database/Connection.php(560): Illuminate\\Database\\Connection->run()
#4 /home/seke9323/ksl.kenamservices.net/vendor/laravel/framework/src/Illuminate/Database/Schema/Blueprint.php(118): Illuminate\\Database\\Connection->statement()
#5 /home/seke9323/ksl.kenamservices.net/vendor/laravel/framework/src/Illuminate/Database/Schema/Builder.php(564): Illuminate\\Database\\Schema\\Blueprint->build()
#6 /home/seke9323/ksl.kenamservices.net/vendor/laravel/framework/src/Illuminate/Database/Schema/Builder.php(418): Illuminate\\Database\\Schema\\Builder->build()
#7 /home/seke9323/ksl.kenamservices.net/vendor/laravel/framework/src/Illuminate/Support/Facades/Facade.php(361): Illuminate\\Database\\Schema\\Builder->create()
#8 /home/seke9323/ksl.kenamservices.net/database/migrations/2026_01_12_180030_create_validations_table.php(14): Illuminate\\Support\\Facades\\Facade::__callStatic()
#9 /home/seke9323/ksl.kenamservices.net/vendor/laravel/framework/src/Illuminate/Database/Migrations/Migrator.php(507): Illuminate\\Database\\Migrations\\Migration@anonymous->up()
#10 /home/seke9323/ksl.kenamservices.net/vendor/laravel/framework/src/Illuminate/Database/Migrations/Migrator.php(432): Illuminate\\Database\\Migrations\\Migrator->runMethod()
#11 /home/seke9323/ksl.kenamservices.net/vendor/laravel/framework/src/Illuminate/Database/Migrations/Migrator.php(441): Illuminate\\Database\\Migrations\\Migrator->Illuminate\\Database\\Migrations\\{closure}()
#12 /home/seke9323/ksl.kenamservices.net/vendor/laravel/framework/src/Illuminate/Database/Migrations/Migrator.php(244): Illuminate\\Database\\Migrations\\Migrator->runMigration()
#13 /home/seke9323/ksl.kenamservices.net/vendor/laravel/framework/src/Illuminate/Console/View/Components/Task.php(40): Illuminate\\Database\\Migrations\\Migrator->Illuminate\\Database\\Migrations\\{closure}()
#14 /home/seke9323/ksl.kenamservices.net/vendor/laravel/framework/src/Illuminate/Database/Migrations/Migrator.php(798): Illuminate\\Console\\View\\Components\\Task->render()
#15 /home/seke9323/ksl.kenamservices.net/vendor/laravel/framework/src/Illuminate/Database/Migrations/Migrator.php(244): Illuminate\\Database\\Migrations\\Migrator->write()
#16 /home/seke9323/ksl.kenamservices.net/vendor/laravel/framework/src/Illuminate/Database/Migrations/Migrator.php(211): Illuminate\\Database\\Migrations\\Migrator->runUp()
#17 /home/seke9323/ksl.kenamservices.net/vendor/laravel/framework/src/Illuminate/Database/Migrations/Migrator.php(138): Illuminate\\Database\\Migrations\\Migrator->runPending()
#18 /home/seke9323/ksl.kenamservices.net/vendor/laravel/framework/src/Illuminate/Database/Console/Migrations/MigrateCommand.php(117): Illuminate\\Database\\Migrations\\Migrator->run()
#19 /home/seke9323/ksl.kenamservices.net/vendor/laravel/framework/src/Illuminate/Database/Migrations/Migrator.php(658): Illuminate\\Database\\Console\\Migrations\\MigrateCommand->Illuminate\\Database\\Console\\Migrations\\{closure}()
#20 /home/seke9323/ksl.kenamservices.net/vendor/laravel/framework/src/Illuminate/Database/Console/Migrations/MigrateCommand.php(110): Illuminate\\Database\\Migrations\\Migrator->usingConnection()
#21 /home/seke9323/ksl.kenamservices.net/vendor/laravel/framework/src/Illuminate/Database/Console/Migrations/MigrateCommand.php(89): Illuminate\\Database\\Console\\Migrations\\MigrateCommand->runMigrations()
#22 /home/seke9323/ksl.kenamservices.net/vendor/laravel/framework/src/Illuminate/Container/BoundMethod.php(36): Illuminate\\Database\\Console\\Migrations\\MigrateCommand->handle()
#23 /home/seke9323/ksl.kenamservices.net/vendor/laravel/framework/src/Illuminate/Container/Util.php(43): Illuminate\\Container\\BoundMethod::Illuminate\\Container\\{closure}()
#24 /home/seke9323/ksl.kenamservices.net/vendor/laravel/framework/src/Illuminate/Container/BoundMethod.php(95): Illuminate\\Container\\Util::unwrapIfClosure()
#25 /home/seke9323/ksl.kenamservices.net/vendor/laravel/framework/src/Illuminate/Container/BoundMethod.php(35): Illuminate\\Container\\BoundMethod::callBoundMethod()
#26 /home/seke9323/ksl.kenamservices.net/vendor/laravel/framework/src/Illuminate/Container/Container.php(696): Illuminate\\Container\\BoundMethod::call()
#27 /home/seke9323/ksl.kenamservices.net/vendor/laravel/framework/src/Illuminate/Console/Command.php(213): Illuminate\\Container\\Container->call()
#28 /home/seke9323/ksl.kenamservices.net/vendor/symfony/console/Command/Command.php(318): Illuminate\\Console\\Command->execute()
#29 /home/seke9323/ksl.kenamservices.net/vendor/laravel/framework/src/Illuminate/Console/Command.php(182): Symfony\\Component\\Console\\Command\\Command->run()
#30 /home/seke9323/ksl.kenamservices.net/vendor/symfony/console/Application.php(1110): Illuminate\\Console\\Command->run()
#31 /home/seke9323/ksl.kenamservices.net/vendor/symfony/console/Application.php(359): Symfony\\Component\\Console\\Application->doRunCommand()
#32 /home/seke9323/ksl.kenamservices.net/vendor/symfony/console/Application.php(194): Symfony\\Component\\Console\\Application->doRun()
#33 /home/seke9323/ksl.kenamservices.net/vendor/laravel/framework/src/Illuminate/Foundation/Console/Kernel.php(198): Symfony\\Component\\Console\\Application->run()
#34 /home/seke9323/ksl.kenamservices.net/vendor/laravel/framework/src/Illuminate/Foundation/Application.php(1235): Illuminate\\Foundation\\Console\\Kernel->handle()
#35 /home/seke9323/ksl.kenamservices.net/artisan(13): Illuminate\\Foundation\\Application->handleCommand()
#36 {main}
"} 
[2026-01-17 17:17:54] production.ERROR: A UpdateValidationsTable class already exists. {"exception":"[object] (InvalidArgumentException(code: 0): A UpdateValidationsTable class already exists. at /home/seke9323/ksl.kenamservices.net/vendor/laravel/framework/src/Illuminate/Database/Migrations/MigrationCreator.php:102)
[stacktrace]
#0 /home/seke9323/ksl.kenamservices.net/vendor/laravel/framework/src/Illuminate/Database/Migrations/MigrationCreator.php(59): Illuminate\\Database\\Migrations\\MigrationCreator->ensureMigrationDoesntAlreadyExist()
#1 /home/seke9323/ksl.kenamservices.net/vendor/laravel/framework/src/Illuminate/Database/Console/Migrations/MigrateMakeCommand.php(112): Illuminate\\Database\\Migrations\\MigrationCreator->create()
#2 /home/seke9323/ksl.kenamservices.net/vendor/laravel/framework/src/Illuminate/Database/Console/Migrations/MigrateMakeCommand.php(99): Illuminate\\Database\\Console\\Migrations\\MigrateMakeCommand->writeMigration()
#3 /home/seke9323/ksl.kenamservices.net/vendor/laravel/framework/src/Illuminate/Container/BoundMethod.php(36): Illuminate\\Database\\Console\\Migrations\\MigrateMakeCommand->handle()
#4 /home/seke9323/ksl.kenamservices.net/vendor/laravel/framework/src/Illuminate/Container/Util.php(43): Illuminate\\Container\\BoundMethod::Illuminate\\Container\\{closure}()
#5 /home/seke9323/ksl.kenamservices.net/vendor/laravel/framework/src/Illuminate/Container/BoundMethod.php(95): Illuminate\\Container\\Util::unwrapIfClosure()
#6 /home/seke9323/ksl.kenamservices.net/vendor/laravel/framework/src/Illuminate/Container/BoundMethod.php(35): Illuminate\\Container\\BoundMethod::callBoundMethod()
#7 /home/seke9323/ksl.kenamservices.net/vendor/laravel/framework/src/Illuminate/Container/Container.php(696): Illuminate\\Container\\BoundMethod::call()
#8 /home/seke9323/ksl.kenamservices.net/vendor/laravel/framework/src/Illuminate/Console/Command.php(213): Illuminate\\Container\\Container->call()
#9 /home/seke9323/ksl.kenamservices.net/vendor/symfony/console/Command/Command.php(318): Illuminate\\Console\\Command->execute()
#10 /home/seke9323/ksl.kenamservices.net/vendor/laravel/framework/src/Illuminate/Console/Command.php(182): Symfony\\Component\\Console\\Command\\Command->run()
#11 /home/seke9323/ksl.kenamservices.net/vendor/symfony/console/Application.php(1110): Illuminate\\Console\\Command->run()
#12 /home/seke9323/ksl.kenamservices.net/vendor/symfony/console/Application.php(359): Symfony\\Component\\Console\\Application->doRunCommand()
#13 /home/seke9323/ksl.kenamservices.net/vendor/symfony/console/Application.php(194): Symfony\\Component\\Console\\Application->doRun()
#14 /home/seke9323/ksl.kenamservices.net/vendor/laravel/framework/src/Illuminate/Foundation/Console/Kernel.php(198): Symfony\\Component\\Console\\Application->run()
#15 /home/seke9323/ksl.kenamservices.net/vendor/laravel/framework/src/Illuminate/Foundation/Application.php(1235): Illuminate\\Foundation\\Console\\Kernel->handle()
#16 /home/seke9323/ksl.kenamservices.net/artisan(13): Illuminate\\Foundation\\Application->handleCommand()
#17 {main}
"} 
[2026-01-17 17:18:16] production.ERROR: Command "migrate:mark-done" is not defined.

Did you mean one of these?
    migrate
    migrate:fresh
    migrate:install
    migrate:refresh
    migrate:reset
    migrate:rollback
    migrate:status {"exception":"[object] (Symfony\\Component\\Console\\Exception\\CommandNotFoundException(code: 0): Command \"migrate:mark-done\" is not defined.

Did you mean one of these?
    migrate
    migrate:fresh
    migrate:install
    migrate:refresh
    migrate:reset
    migrate:rollback
    migrate:status at /home/seke9323/ksl.kenamservices.net/vendor/symfony/console/Application.php:743)
[stacktrace]
#0 /home/seke9323/ksl.kenamservices.net/vendor/symfony/console/Application.php(301): Symfony\\Component\\Console\\Application->find()
#1 /home/seke9323/ksl.kenamservices.net/vendor/symfony/console/Application.php(194): Symfony\\Component\\Console\\Application->doRun()
#2 /home/seke9323/ksl.kenamservices.net/vendor/laravel/framework/src/Illuminate/Foundation/Console/Kernel.php(198): Symfony\\Component\\Console\\Application->run()
#3 /home/seke9323/ksl.kenamservices.net/vendor/laravel/framework/src/Illuminate/Foundation/Application.php(1235): Illuminate\\Foundation\\Console\\Kernel->handle()
#4 /home/seke9323/ksl.kenamservices.net/artisan(13): Illuminate\\Foundation\\Application->handleCommand()
#5 {main}
"} 
[2026-01-17 17:18:33] production.ERROR: Command "migrate:mark-done" is not defined.

Did you mean one of these?
    migrate
    migrate:fresh
    migrate:install
    migrate:refresh
    migrate:reset
    migrate:rollback
    migrate:status {"exception":"[object] (Symfony\\Component\\Console\\Exception\\CommandNotFoundException(code: 0): Command \"migrate:mark-done\" is not defined.

Did you mean one of these?
    migrate
    migrate:fresh
    migrate:install
    migrate:refresh
    migrate:reset
    migrate:rollback
    migrate:status at /home/seke9323/ksl.kenamservices.net/vendor/symfony/console/Application.php:743)
[stacktrace]
#0 /home/seke9323/ksl.kenamservices.net/vendor/symfony/console/Application.php(301): Symfony\\Component\\Console\\Application->find()
#1 /home/seke9323/ksl.kenamservices.net/vendor/symfony/console/Application.php(194): Symfony\\Component\\Console\\Application->doRun()
#2 /home/seke9323/ksl.kenamservices.net/vendor/laravel/framework/src/Illuminate/Foundation/Console/Kernel.php(198): Symfony\\Component\\Console\\Application->run()
#3 /home/seke9323/ksl.kenamservices.net/vendor/laravel/framework/src/Illuminate/Foundation/Application.php(1235): Illuminate\\Foundation\\Console\\Kernel->handle()
#4 /home/seke9323/ksl.kenamservices.net/artisan(13): Illuminate\\Foundation\\Application->handleCommand()
#5 {main}
"} 
[2026-01-17 17:18:48] production.ERROR: SQLSTATE[42S01]: Base table or view already exists: 1050 Table 'validations' already exists (Connection: mysql, SQL: create table `validations` (`id` bigint unsigned not null auto_increment primary key, `titre` varchar(255) not null, `description` text null, `statut` enum('en_attente', 'en_cours', 'approuve', 'rejete') not null default 'en_attente', `initiateur_id` bigint unsigned not null, `validateur_id` bigint unsigned null, `commentaire` text null, `date_validation` timestamp null, `created_at` timestamp null, `updated_at` timestamp null) default character set utf8mb4 collate 'utf8mb4_unicode_ci') {"exception":"[object] (Illuminate\\Database\\QueryException(code: 42S01): SQLSTATE[42S01]: Base table or view already exists: 1050 Table 'validations' already exists (Connection: mysql, SQL: create table `validations` (`id` bigint unsigned not null auto_increment primary key, `titre` varchar(255) not null, `description` text null, `statut` enum('en_attente', 'en_cours', 'approuve', 'rejete') not null default 'en_attente', `initiateur_id` bigint unsigned not null, `validateur_id` bigint unsigned null, `commentaire` text null, `date_validation` timestamp null, `created_at` timestamp null, `updated_at` timestamp null) default character set utf8mb4 collate 'utf8mb4_unicode_ci') at /home/seke9323/ksl.kenamservices.net/vendor/laravel/framework/src/Illuminate/Database/Connection.php:825)
[stacktrace]
#0 /home/seke9323/ksl.kenamservices.net/vendor/laravel/framework/src/Illuminate/Database/Connection.php(779): Illuminate\\Database\\Connection->runQueryCallback()
#1 /home/seke9323/ksl.kenamservices.net/vendor/laravel/framework/src/Illuminate/Database/Connection.php(560): Illuminate\\Database\\Connection->run()
#2 /home/seke9323/ksl.kenamservices.net/vendor/laravel/framework/src/Illuminate/Database/Schema/Blueprint.php(118): Illuminate\\Database\\Connection->statement()
#3 /home/seke9323/ksl.kenamservices.net/vendor/laravel/framework/src/Illuminate/Database/Schema/Builder.php(564): Illuminate\\Database\\Schema\\Blueprint->build()
#4 /home/seke9323/ksl.kenamservices.net/vendor/laravel/framework/src/Illuminate/Database/Schema/Builder.php(418): Illuminate\\Database\\Schema\\Builder->build()
#5 /home/seke9323/ksl.kenamservices.net/vendor/laravel/framework/src/Illuminate/Support/Facades/Facade.php(361): Illuminate\\Database\\Schema\\Builder->create()
#6 /home/seke9323/ksl.kenamservices.net/database/migrations/2026_01_12_180030_create_validations_table.php(14): Illuminate\\Support\\Facades\\Facade::__callStatic()
#7 /home/seke9323/ksl.kenamservices.net/vendor/laravel/framework/src/Illuminate/Database/Migrations/Migrator.php(507): Illuminate\\Database\\Migrations\\Migration@anonymous->up()
#8 /home/seke9323/ksl.kenamservices.net/vendor/laravel/framework/src/Illuminate/Database/Migrations/Migrator.php(432): Illuminate\\Database\\Migrations\\Migrator->runMethod()
#9 /home/seke9323/ksl.kenamservices.net/vendor/laravel/framework/src/Illuminate/Database/Migrations/Migrator.php(441): Illuminate\\Database\\Migrations\\Migrator->Illuminate\\Database\\Migrations\\{closure}()
#10 /home/seke9323/ksl.kenamservices.net/vendor/laravel/framework/src/Illuminate/Database/Migrations/Migrator.php(244): Illuminate\\Database\\Migrations\\Migrator->runMigration()
#11 /home/seke9323/ksl.kenamservices.net/vendor/laravel/framework/src/Illuminate/Console/View/Components/Task.php(40): Illuminate\\Database\\Migrations\\Migrator->Illuminate\\Database\\Migrations\\{closure}()
#12 /home/seke9323/ksl.kenamservices.net/vendor/laravel/framework/src/Illuminate/Database/Migrations/Migrator.php(798): Illuminate\\Console\\View\\Components\\Task->render()
#13 /home/seke9323/ksl.kenamservices.net/vendor/laravel/framework/src/Illuminate/Database/Migrations/Migrator.php(244): Illuminate\\Database\\Migrations\\Migrator->write()
#14 /home/seke9323/ksl.kenamservices.net/vendor/laravel/framework/src/Illuminate/Database/Migrations/Migrator.php(211): Illuminate\\Database\\Migrations\\Migrator->runUp()
#15 /home/seke9323/ksl.kenamservices.net/vendor/laravel/framework/src/Illuminate/Database/Migrations/Migrator.php(138): Illuminate\\Database\\Migrations\\Migrator->runPending()
#16 /home/seke9323/ksl.kenamservices.net/vendor/laravel/framework/src/Illuminate/Database/Console/Migrations/MigrateCommand.php(117): Illuminate\\Database\\Migrations\\Migrator->run()
#17 /home/seke9323/ksl.kenamservices.net/vendor/laravel/framework/src/Illuminate/Database/Migrations/Migrator.php(658): Illuminate\\Database\\Console\\Migrations\\MigrateCommand->Illuminate\\Database\\Console\\Migrations\\{closure}()
#18 /home/seke9323/ksl.kenamservices.net/vendor/laravel/framework/src/Illuminate/Database/Console/Migrations/MigrateCommand.php(110): Illuminate\\Database\\Migrations\\Migrator->usingConnection()
#19 /home/seke9323/ksl.kenamservices.net/vendor/laravel/framework/src/Illuminate/Database/Console/Migrations/MigrateCommand.php(89): Illuminate\\Database\\Console\\Migrations\\MigrateCommand->runMigrations()
#20 /home/seke9323/ksl.kenamservices.net/vendor/laravel/framework/src/Illuminate/Container/BoundMethod.php(36): Illuminate\\Database\\Console\\Migrations\\MigrateCommand->handle()
#21 /home/seke9323/ksl.kenamservices.net/vendor/laravel/framework/src/Illuminate/Container/Util.php(43): Illuminate\\Container\\BoundMethod::Illuminate\\Container\\{closure}()
#22 /home/seke9323/ksl.kenamservices.net/vendor/laravel/framework/src/Illuminate/Container/BoundMethod.php(95): Illuminate\\Container\\Util::unwrapIfClosure()
#23 /home/seke9323/ksl.kenamservices.net/vendor/laravel/framework/src/Illuminate/Container/BoundMethod.php(35): Illuminate\\Container\\BoundMethod::callBoundMethod()
#24 /home/seke9323/ksl.kenamservices.net/vendor/laravel/framework/src/Illuminate/Container/Container.php(696): Illuminate\\Container\\BoundMethod::call()
#25 /home/seke9323/ksl.kenamservices.net/vendor/laravel/framework/src/Illuminate/Console/Command.php(213): Illuminate\\Container\\Container->call()
#26 /home/seke9323/ksl.kenamservices.net/vendor/symfony/console/Command/Command.php(318): Illuminate\\Console\\Command->execute()
#27 /home/seke9323/ksl.kenamservices.net/vendor/laravel/framework/src/Illuminate/Console/Command.php(182): Symfony\\Component\\Console\\Command\\Command->run()
#28 /home/seke9323/ksl.kenamservices.net/vendor/symfony/console/Application.php(1110): Illuminate\\Console\\Command->run()
#29 /home/seke9323/ksl.kenamservices.net/vendor/symfony/console/Application.php(359): Symfony\\Component\\Console\\Application->doRunCommand()
#30 /home/seke9323/ksl.kenamservices.net/vendor/symfony/console/Application.php(194): Symfony\\Component\\Console\\Application->doRun()
#31 /home/seke9323/ksl.kenamservices.net/vendor/laravel/framework/src/Illuminate/Foundation/Console/Kernel.php(198): Symfony\\Component\\Console\\Application->run()
#32 /home/seke9323/ksl.kenamservices.net/vendor/laravel/framework/src/Illuminate/Foundation/Application.php(1235): Illuminate\\Foundation\\Console\\Kernel->handle()
#33 /home/seke9323/ksl.kenamservices.net/artisan(13): Illuminate\\Foundation\\Application->handleCommand()
#34 {main}

[previous exception] [object] (PDOException(code: 42S01): SQLSTATE[42S01]: Base table or view already exists: 1050 Table 'validations' already exists at /home/seke9323/ksl.kenamservices.net/vendor/laravel/framework/src/Illuminate/Database/Connection.php:571)
[stacktrace]
#0 /home/seke9323/ksl.kenamservices.net/vendor/laravel/framework/src/Illuminate/Database/Connection.php(571): PDOStatement->execute()
#1 /home/seke9323/ksl.kenamservices.net/vendor/laravel/framework/src/Illuminate/Database/Connection.php(812): Illuminate\\Database\\Connection->Illuminate\\Database\\{closure}()
#2 /home/seke9323/ksl.kenamservices.net/vendor/laravel/framework/src/Illuminate/Database/Connection.php(779): Illuminate\\Database\\Connection->runQueryCallback()
#3 /home/seke9323/ksl.kenamservices.net/vendor/laravel/framework/src/Illuminate/Database/Connection.php(560): Illuminate\\Database\\Connection->run()
#4 /home/seke9323/ksl.kenamservices.net/vendor/laravel/framework/src/Illuminate/Database/Schema/Blueprint.php(118): Illuminate\\Database\\Connection->statement()
#5 /home/seke9323/ksl.kenamservices.net/vendor/laravel/framework/src/Illuminate/Database/Schema/Builder.php(564): Illuminate\\Database\\Schema\\Blueprint->build()
#6 /home/seke9323/ksl.kenamservices.net/vendor/laravel/framework/src/Illuminate/Database/Schema/Builder.php(418): Illuminate\\Database\\Schema\\Builder->build()
#7 /home/seke9323/ksl.kenamservices.net/vendor/laravel/framework/src/Illuminate/Support/Facades/Facade.php(361): Illuminate\\Database\\Schema\\Builder->create()
#8 /home/seke9323/ksl.kenamservices.net/database/migrations/2026_01_12_180030_create_validations_table.php(14): Illuminate\\Support\\Facades\\Facade::__callStatic()
#9 /home/seke9323/ksl.kenamservices.net/vendor/laravel/framework/src/Illuminate/Database/Migrations/Migrator.php(507): Illuminate\\Database\\Migrations\\Migration@anonymous->up()
#10 /home/seke9323/ksl.kenamservices.net/vendor/laravel/framework/src/Illuminate/Database/Migrations/Migrator.php(432): Illuminate\\Database\\Migrations\\Migrator->runMethod()
#11 /home/seke9323/ksl.kenamservices.net/vendor/laravel/framework/src/Illuminate/Database/Migrations/Migrator.php(441): Illuminate\\Database\\Migrations\\Migrator->Illuminate\\Database\\Migrations\\{closure}()
#12 /home/seke9323/ksl.kenamservices.net/vendor/laravel/framework/src/Illuminate/Database/Migrations/Migrator.php(244): Illuminate\\Database\\Migrations\\Migrator->runMigration()
#13 /home/seke9323/ksl.kenamservices.net/vendor/laravel/framework/src/Illuminate/Console/View/Components/Task.php(40): Illuminate\\Database\\Migrations\\Migrator->Illuminate\\Database\\Migrations\\{closure}()
#14 /home/seke9323/ksl.kenamservices.net/vendor/laravel/framework/src/Illuminate/Database/Migrations/Migrator.php(798): Illuminate\\Console\\View\\Components\\Task->render()
#15 /home/seke9323/ksl.kenamservices.net/vendor/laravel/framework/src/Illuminate/Database/Migrations/Migrator.php(244): Illuminate\\Database\\Migrations\\Migrator->write()
#16 /home/seke9323/ksl.kenamservices.net/vendor/laravel/framework/src/Illuminate/Database/Migrations/Migrator.php(211): Illuminate\\Database\\Migrations\\Migrator->runUp()
#17 /home/seke9323/ksl.kenamservices.net/vendor/laravel/framework/src/Illuminate/Database/Migrations/Migrator.php(138): Illuminate\\Database\\Migrations\\Migrator->runPending()
#18 /home/seke9323/ksl.kenamservices.net/vendor/laravel/framework/src/Illuminate/Database/Console/Migrations/MigrateCommand.php(117): Illuminate\\Database\\Migrations\\Migrator->run()
#19 /home/seke9323/ksl.kenamservices.net/vendor/laravel/framework/src/Illuminate/Database/Migrations/Migrator.php(658): Illuminate\\Database\\Console\\Migrations\\MigrateCommand->Illuminate\\Database\\Console\\Migrations\\{closure}()
#20 /home/seke9323/ksl.kenamservices.net/vendor/laravel/framework/src/Illuminate/Database/Console/Migrations/MigrateCommand.php(110): Illuminate\\Database\\Migrations\\Migrator->usingConnection()
#21 /home/seke9323/ksl.kenamservices.net/vendor/laravel/framework/src/Illuminate/Database/Console/Migrations/MigrateCommand.php(89): Illuminate\\Database\\Console\\Migrations\\MigrateCommand->runMigrations()
#22 /home/seke9323/ksl.kenamservices.net/vendor/laravel/framework/src/Illuminate/Container/BoundMethod.php(36): Illuminate\\Database\\Console\\Migrations\\MigrateCommand->handle()
#23 /home/seke9323/ksl.kenamservices.net/vendor/laravel/framework/src/Illuminate/Container/Util.php(43): Illuminate\\Container\\BoundMethod::Illuminate\\Container\\{closure}()
#24 /home/seke9323/ksl.kenamservices.net/vendor/laravel/framework/src/Illuminate/Container/BoundMethod.php(95): Illuminate\\Container\\Util::unwrapIfClosure()
#25 /home/seke9323/ksl.kenamservices.net/vendor/laravel/framework/src/Illuminate/Container/BoundMethod.php(35): Illuminate\\Container\\BoundMethod::callBoundMethod()
#26 /home/seke9323/ksl.kenamservices.net/vendor/laravel/framework/src/Illuminate/Container/Container.php(696): Illuminate\\Container\\BoundMethod::call()
#27 /home/seke9323/ksl.kenamservices.net/vendor/laravel/framework/src/Illuminate/Console/Command.php(213): Illuminate\\Container\\Container->call()
#28 /home/seke9323/ksl.kenamservices.net/vendor/symfony/console/Command/Command.php(318): Illuminate\\Console\\Command->execute()
#29 /home/seke9323/ksl.kenamservices.net/vendor/laravel/framework/src/Illuminate/Console/Command.php(182): Symfony\\Component\\Console\\Command\\Command->run()
#30 /home/seke9323/ksl.kenamservices.net/vendor/symfony/console/Application.php(1110): Illuminate\\Console\\Command->run()
#31 /home/seke9323/ksl.kenamservices.net/vendor/symfony/console/Application.php(359): Symfony\\Component\\Console\\Application->doRunCommand()
#32 /home/seke9323/ksl.kenamservices.net/vendor/symfony/console/Application.php(194): Symfony\\Component\\Console\\Application->doRun()
#33 /home/seke9323/ksl.kenamservices.net/vendor/laravel/framework/src/Illuminate/Foundation/Console/Kernel.php(198): Symfony\\Component\\Console\\Application->run()
#34 /home/seke9323/ksl.kenamservices.net/vendor/laravel/framework/src/Illuminate/Foundation/Application.php(1235): Illuminate\\Foundation\\Console\\Kernel->handle()
#35 /home/seke9323/ksl.kenamservices.net/artisan(13): Illuminate\\Foundation\\Application->handleCommand()
#36 {main}
"} 
[2026-01-17 17:19:27] production.ERROR: Command "migrate:mark-done" is not defined.

Did you mean one of these?
    migrate
    migrate:fresh
    migrate:install
    migrate:refresh
    migrate:reset
    migrate:rollback
    migrate:status {"exception":"[object] (Symfony\\Component\\Console\\Exception\\CommandNotFoundException(code: 0): Command \"migrate:mark-done\" is not defined.

Did you mean one of these?
    migrate
    migrate:fresh
    migrate:install
    migrate:refresh
    migrate:reset
    migrate:rollback
    migrate:status at /home/seke9323/ksl.kenamservices.net/vendor/symfony/console/Application.php:743)
[stacktrace]
#0 /home/seke9323/ksl.kenamservices.net/vendor/symfony/console/Application.php(301): Symfony\\Component\\Console\\Application->find()
#1 /home/seke9323/ksl.kenamservices.net/vendor/symfony/console/Application.php(194): Symfony\\Component\\Console\\Application->doRun()
#2 /home/seke9323/ksl.kenamservices.net/vendor/laravel/framework/src/Illuminate/Foundation/Console/Kernel.php(198): Symfony\\Component\\Console\\Application->run()
#3 /home/seke9323/ksl.kenamservices.net/vendor/laravel/framework/src/Illuminate/Foundation/Application.php(1235): Illuminate\\Foundation\\Console\\Kernel->handle()
#4 /home/seke9323/ksl.kenamservices.net/artisan(13): Illuminate\\Foundation\\Application->handleCommand()
#5 {main}
"} 
[2026-01-17 17:21:52] production.ERROR: SQLSTATE[42S01]: Base table or view already exists: 1050 Table 'validations' already exists (Connection: mysql, SQL: create table `validations` (`id` bigint unsigned not null auto_increment primary key, `titre` varchar(255) not null, `description` text null, `statut` enum('en_attente', 'en_cours', 'approuve', 'rejete') not null default 'en_attente', `initiateur_id` bigint unsigned not null, `validateur_id` bigint unsigned null, `commentaire` text null, `date_validation` timestamp null, `created_at` timestamp null, `updated_at` timestamp null) default character set utf8mb4 collate 'utf8mb4_unicode_ci') {"exception":"[object] (Illuminate\\Database\\QueryException(code: 42S01): SQLSTATE[42S01]: Base table or view already exists: 1050 Table 'validations' already exists (Connection: mysql, SQL: create table `validations` (`id` bigint unsigned not null auto_increment primary key, `titre` varchar(255) not null, `description` text null, `statut` enum('en_attente', 'en_cours', 'approuve', 'rejete') not null default 'en_attente', `initiateur_id` bigint unsigned not null, `validateur_id` bigint unsigned null, `commentaire` text null, `date_validation` timestamp null, `created_at` timestamp null, `updated_at` timestamp null) default character set utf8mb4 collate 'utf8mb4_unicode_ci') at /home/seke9323/ksl.kenamservices.net/vendor/laravel/framework/src/Illuminate/Database/Connection.php:825)
[stacktrace]
#0 /home/seke9323/ksl.kenamservices.net/vendor/laravel/framework/src/Illuminate/Database/Connection.php(779): Illuminate\\Database\\Connection->runQueryCallback()
#1 /home/seke9323/ksl.kenamservices.net/vendor/laravel/framework/src/Illuminate/Database/Connection.php(560): Illuminate\\Database\\Connection->run()
#2 /home/seke9323/ksl.kenamservices.net/vendor/laravel/framework/src/Illuminate/Database/Schema/Blueprint.php(118): Illuminate\\Database\\Connection->statement()
#3 /home/seke9323/ksl.kenamservices.net/vendor/laravel/framework/src/Illuminate/Database/Schema/Builder.php(564): Illuminate\\Database\\Schema\\Blueprint->build()
#4 /home/seke9323/ksl.kenamservices.net/vendor/laravel/framework/src/Illuminate/Database/Schema/Builder.php(418): Illuminate\\Database\\Schema\\Builder->build()
#5 /home/seke9323/ksl.kenamservices.net/vendor/laravel/framework/src/Illuminate/Support/Facades/Facade.php(361): Illuminate\\Database\\Schema\\Builder->create()
#6 /home/seke9323/ksl.kenamservices.net/database/migrations/2026_01_12_180030_create_validations_table.php(14): Illuminate\\Support\\Facades\\Facade::__callStatic()
#7 /home/seke9323/ksl.kenamservices.net/vendor/laravel/framework/src/Illuminate/Database/Migrations/Migrator.php(507): Illuminate\\Database\\Migrations\\Migration@anonymous->up()
#8 /home/seke9323/ksl.kenamservices.net/vendor/laravel/framework/src/Illuminate/Database/Migrations/Migrator.php(432): Illuminate\\Database\\Migrations\\Migrator->runMethod()
#9 /home/seke9323/ksl.kenamservices.net/vendor/laravel/framework/src/Illuminate/Database/Migrations/Migrator.php(441): Illuminate\\Database\\Migrations\\Migrator->Illuminate\\Database\\Migrations\\{closure}()
#10 /home/seke9323/ksl.kenamservices.net/vendor/laravel/framework/src/Illuminate/Database/Migrations/Migrator.php(244): Illuminate\\Database\\Migrations\\Migrator->runMigration()
#11 /home/seke9323/ksl.kenamservices.net/vendor/laravel/framework/src/Illuminate/Console/View/Components/Task.php(40): Illuminate\\Database\\Migrations\\Migrator->Illuminate\\Database\\Migrations\\{closure}()
#12 /home/seke9323/ksl.kenamservices.net/vendor/laravel/framework/src/Illuminate/Database/Migrations/Migrator.php(798): Illuminate\\Console\\View\\Components\\Task->render()
#13 /home/seke9323/ksl.kenamservices.net/vendor/laravel/framework/src/Illuminate/Database/Migrations/Migrator.php(244): Illuminate\\Database\\Migrations\\Migrator->write()
#14 /home/seke9323/ksl.kenamservices.net/vendor/laravel/framework/src/Illuminate/Database/Migrations/Migrator.php(211): Illuminate\\Database\\Migrations\\Migrator->runUp()
#15 /home/seke9323/ksl.kenamservices.net/vendor/laravel/framework/src/Illuminate/Database/Migrations/Migrator.php(138): Illuminate\\Database\\Migrations\\Migrator->runPending()
#16 /home/seke9323/ksl.kenamservices.net/vendor/laravel/framework/src/Illuminate/Database/Console/Migrations/MigrateCommand.php(117): Illuminate\\Database\\Migrations\\Migrator->run()
#17 /home/seke9323/ksl.kenamservices.net/vendor/laravel/framework/src/Illuminate/Database/Migrations/Migrator.php(658): Illuminate\\Database\\Console\\Migrations\\MigrateCommand->Illuminate\\Database\\Console\\Migrations\\{closure}()
#18 /home/seke9323/ksl.kenamservices.net/vendor/laravel/framework/src/Illuminate/Database/Console/Migrations/MigrateCommand.php(110): Illuminate\\Database\\Migrations\\Migrator->usingConnection()
#19 /home/seke9323/ksl.kenamservices.net/vendor/laravel/framework/src/Illuminate/Database/Console/Migrations/MigrateCommand.php(89): Illuminate\\Database\\Console\\Migrations\\MigrateCommand->runMigrations()
#20 /home/seke9323/ksl.kenamservices.net/vendor/laravel/framework/src/Illuminate/Container/BoundMethod.php(36): Illuminate\\Database\\Console\\Migrations\\MigrateCommand->handle()
#21 /home/seke9323/ksl.kenamservices.net/vendor/laravel/framework/src/Illuminate/Container/Util.php(43): Illuminate\\Container\\BoundMethod::Illuminate\\Container\\{closure}()
#22 /home/seke9323/ksl.kenamservices.net/vendor/laravel/framework/src/Illuminate/Container/BoundMethod.php(95): Illuminate\\Container\\Util::unwrapIfClosure()
#23 /home/seke9323/ksl.kenamservices.net/vendor/laravel/framework/src/Illuminate/Container/BoundMethod.php(35): Illuminate\\Container\\BoundMethod::callBoundMethod()
#24 /home/seke9323/ksl.kenamservices.net/vendor/laravel/framework/src/Illuminate/Container/Container.php(696): Illuminate\\Container\\BoundMethod::call()
#25 /home/seke9323/ksl.kenamservices.net/vendor/laravel/framework/src/Illuminate/Console/Command.php(213): Illuminate\\Container\\Container->call()
#26 /home/seke9323/ksl.kenamservices.net/vendor/symfony/console/Command/Command.php(318): Illuminate\\Console\\Command->execute()
#27 /home/seke9323/ksl.kenamservices.net/vendor/laravel/framework/src/Illuminate/Console/Command.php(182): Symfony\\Component\\Console\\Command\\Command->run()
#28 /home/seke9323/ksl.kenamservices.net/vendor/symfony/console/Application.php(1110): Illuminate\\Console\\Command->run()
#29 /home/seke9323/ksl.kenamservices.net/vendor/symfony/console/Application.php(359): Symfony\\Component\\Console\\Application->doRunCommand()
#30 /home/seke9323/ksl.kenamservices.net/vendor/symfony/console/Application.php(194): Symfony\\Component\\Console\\Application->doRun()
#31 /home/seke9323/ksl.kenamservices.net/vendor/laravel/framework/src/Illuminate/Foundation/Console/Kernel.php(198): Symfony\\Component\\Console\\Application->run()
#32 /home/seke9323/ksl.kenamservices.net/vendor/laravel/framework/src/Illuminate/Foundation/Application.php(1235): Illuminate\\Foundation\\Console\\Kernel->handle()
#33 /home/seke9323/ksl.kenamservices.net/artisan(13): Illuminate\\Foundation\\Application->handleCommand()
#34 {main}

[previous exception] [object] (PDOException(code: 42S01): SQLSTATE[42S01]: Base table or view already exists: 1050 Table 'validations' already exists at /home/seke9323/ksl.kenamservices.net/vendor/laravel/framework/src/Illuminate/Database/Connection.php:571)
[stacktrace]
#0 /home/seke9323/ksl.kenamservices.net/vendor/laravel/framework/src/Illuminate/Database/Connection.php(571): PDOStatement->execute()
#1 /home/seke9323/ksl.kenamservices.net/vendor/laravel/framework/src/Illuminate/Database/Connection.php(812): Illuminate\\Database\\Connection->Illuminate\\Database\\{closure}()
#2 /home/seke9323/ksl.kenamservices.net/vendor/laravel/framework/src/Illuminate/Database/Connection.php(779): Illuminate\\Database\\Connection->runQueryCallback()
#3 /home/seke9323/ksl.kenamservices.net/vendor/laravel/framework/src/Illuminate/Database/Connection.php(560): Illuminate\\Database\\Connection->run()
#4 /home/seke9323/ksl.kenamservices.net/vendor/laravel/framework/src/Illuminate/Database/Schema/Blueprint.php(118): Illuminate\\Database\\Connection->statement()
#5 /home/seke9323/ksl.kenamservices.net/vendor/laravel/framework/src/Illuminate/Database/Schema/Builder.php(564): Illuminate\\Database\\Schema\\Blueprint->build()
#6 /home/seke9323/ksl.kenamservices.net/vendor/laravel/framework/src/Illuminate/Database/Schema/Builder.php(418): Illuminate\\Database\\Schema\\Builder->build()
#7 /home/seke9323/ksl.kenamservices.net/vendor/laravel/framework/src/Illuminate/Support/Facades/Facade.php(361): Illuminate\\Database\\Schema\\Builder->create()
#8 /home/seke9323/ksl.kenamservices.net/database/migrations/2026_01_12_180030_create_validations_table.php(14): Illuminate\\Support\\Facades\\Facade::__callStatic()
#9 /home/seke9323/ksl.kenamservices.net/vendor/laravel/framework/src/Illuminate/Database/Migrations/Migrator.php(507): Illuminate\\Database\\Migrations\\Migration@anonymous->up()
#10 /home/seke9323/ksl.kenamservices.net/vendor/laravel/framework/src/Illuminate/Database/Migrations/Migrator.php(432): Illuminate\\Database\\Migrations\\Migrator->runMethod()
#11 /home/seke9323/ksl.kenamservices.net/vendor/laravel/framework/src/Illuminate/Database/Migrations/Migrator.php(441): Illuminate\\Database\\Migrations\\Migrator->Illuminate\\Database\\Migrations\\{closure}()
#12 /home/seke9323/ksl.kenamservices.net/vendor/laravel/framework/src/Illuminate/Database/Migrations/Migrator.php(244): Illuminate\\Database\\Migrations\\Migrator->runMigration()
#13 /home/seke9323/ksl.kenamservices.net/vendor/laravel/framework/src/Illuminate/Console/View/Components/Task.php(40): Illuminate\\Database\\Migrations\\Migrator->Illuminate\\Database\\Migrations\\{closure}()
#14 /home/seke9323/ksl.kenamservices.net/vendor/laravel/framework/src/Illuminate/Database/Migrations/Migrator.php(798): Illuminate\\Console\\View\\Components\\Task->render()
#15 /home/seke9323/ksl.kenamservices.net/vendor/laravel/framework/src/Illuminate/Database/Migrations/Migrator.php(244): Illuminate\\Database\\Migrations\\Migrator->write()
#16 /home/seke9323/ksl.kenamservices.net/vendor/laravel/framework/src/Illuminate/Database/Migrations/Migrator.php(211): Illuminate\\Database\\Migrations\\Migrator->runUp()
#17 /home/seke9323/ksl.kenamservices.net/vendor/laravel/framework/src/Illuminate/Database/Migrations/Migrator.php(138): Illuminate\\Database\\Migrations\\Migrator->runPending()
#18 /home/seke9323/ksl.kenamservices.net/vendor/laravel/framework/src/Illuminate/Database/Console/Migrations/MigrateCommand.php(117): Illuminate\\Database\\Migrations\\Migrator->run()
#19 /home/seke9323/ksl.kenamservices.net/vendor/laravel/framework/src/Illuminate/Database/Migrations/Migrator.php(658): Illuminate\\Database\\Console\\Migrations\\MigrateCommand->Illuminate\\Database\\Console\\Migrations\\{closure}()
#20 /home/seke9323/ksl.kenamservices.net/vendor/laravel/framework/src/Illuminate/Database/Console/Migrations/MigrateCommand.php(110): Illuminate\\Database\\Migrations\\Migrator->usingConnection()
#21 /home/seke9323/ksl.kenamservices.net/vendor/laravel/framework/src/Illuminate/Database/Console/Migrations/MigrateCommand.php(89): Illuminate\\Database\\Console\\Migrations\\MigrateCommand->runMigrations()
#22 /home/seke9323/ksl.kenamservices.net/vendor/laravel/framework/src/Illuminate/Container/BoundMethod.php(36): Illuminate\\Database\\Console\\Migrations\\MigrateCommand->handle()
#23 /home/seke9323/ksl.kenamservices.net/vendor/laravel/framework/src/Illuminate/Container/Util.php(43): Illuminate\\Container\\BoundMethod::Illuminate\\Container\\{closure}()
#24 /home/seke9323/ksl.kenamservices.net/vendor/laravel/framework/src/Illuminate/Container/BoundMethod.php(95): Illuminate\\Container\\Util::unwrapIfClosure()
#25 /home/seke9323/ksl.kenamservices.net/vendor/laravel/framework/src/Illuminate/Container/BoundMethod.php(35): Illuminate\\Container\\BoundMethod::callBoundMethod()
#26 /home/seke9323/ksl.kenamservices.net/vendor/laravel/framework/src/Illuminate/Container/Container.php(696): Illuminate\\Container\\BoundMethod::call()
#27 /home/seke9323/ksl.kenamservices.net/vendor/laravel/framework/src/Illuminate/Console/Command.php(213): Illuminate\\Container\\Container->call()
#28 /home/seke9323/ksl.kenamservices.net/vendor/symfony/console/Command/Command.php(318): Illuminate\\Console\\Command->execute()
#29 /home/seke9323/ksl.kenamservices.net/vendor/laravel/framework/src/Illuminate/Console/Command.php(182): Symfony\\Component\\Console\\Command\\Command->run()
#30 /home/seke9323/ksl.kenamservices.net/vendor/symfony/console/Application.php(1110): Illuminate\\Console\\Command->run()
#31 /home/seke9323/ksl.kenamservices.net/vendor/symfony/console/Application.php(359): Symfony\\Component\\Console\\Application->doRunCommand()
#32 /home/seke9323/ksl.kenamservices.net/vendor/symfony/console/Application.php(194): Symfony\\Component\\Console\\Application->doRun()
#33 /home/seke9323/ksl.kenamservices.net/vendor/laravel/framework/src/Illuminate/Foundation/Console/Kernel.php(198): Symfony\\Component\\Console\\Application->run()
#34 /home/seke9323/ksl.kenamservices.net/vendor/laravel/framework/src/Illuminate/Foundation/Application.php(1235): Illuminate\\Foundation\\Console\\Kernel->handle()
#35 /home/seke9323/ksl.kenamservices.net/artisan(13): Illuminate\\Foundation\\Application->handleCommand()
#36 {main}
"} 
[2026-01-17 17:23:18] production.ERROR: SQLSTATE[42S01]: Base table or view already exists: 1050 Table 'historique_commandes' already exists (Connection: mysql, SQL: create table `historique_commandes` (`id` bigint unsigned not null auto_increment primary key, `commande_id` bigint unsigned not null, `action` enum('cree', 'modifie', 'supprime', 'statut_change', 'chauffeur_ajoute', 'vehicule_ajoute') not null, `description` text null, `ancienne_valeur` text null, `nouvelle_valeur` text null, `user_id` bigint unsigned not null, `date_action` timestamp not null, `created_at` timestamp null, `updated_at` timestamp null) default character set utf8mb4 collate 'utf8mb4_unicode_ci') {"exception":"[object] (Illuminate\\Database\\QueryException(code: 42S01): SQLSTATE[42S01]: Base table or view already exists: 1050 Table 'historique_commandes' already exists (Connection: mysql, SQL: create table `historique_commandes` (`id` bigint unsigned not null auto_increment primary key, `commande_id` bigint unsigned not null, `action` enum('cree', 'modifie', 'supprime', 'statut_change', 'chauffeur_ajoute', 'vehicule_ajoute') not null, `description` text null, `ancienne_valeur` text null, `nouvelle_valeur` text null, `user_id` bigint unsigned not null, `date_action` timestamp not null, `created_at` timestamp null, `updated_at` timestamp null) default character set utf8mb4 collate 'utf8mb4_unicode_ci') at /home/seke9323/ksl.kenamservices.net/vendor/laravel/framework/src/Illuminate/Database/Connection.php:825)
[stacktrace]
#0 /home/seke9323/ksl.kenamservices.net/vendor/laravel/framework/src/Illuminate/Database/Connection.php(779): Illuminate\\Database\\Connection->runQueryCallback()
#1 /home/seke9323/ksl.kenamservices.net/vendor/laravel/framework/src/Illuminate/Database/Connection.php(560): Illuminate\\Database\\Connection->run()
#2 /home/seke9323/ksl.kenamservices.net/vendor/laravel/framework/src/Illuminate/Database/Schema/Blueprint.php(118): Illuminate\\Database\\Connection->statement()
#3 /home/seke9323/ksl.kenamservices.net/vendor/laravel/framework/src/Illuminate/Database/Schema/Builder.php(564): Illuminate\\Database\\Schema\\Blueprint->build()
#4 /home/seke9323/ksl.kenamservices.net/vendor/laravel/framework/src/Illuminate/Database/Schema/Builder.php(418): Illuminate\\Database\\Schema\\Builder->build()
#5 /home/seke9323/ksl.kenamservices.net/vendor/laravel/framework/src/Illuminate/Support/Facades/Facade.php(361): Illuminate\\Database\\Schema\\Builder->create()
#6 /home/seke9323/ksl.kenamservices.net/database/migrations/2026_01_12_181501_create_historique_commandes_table.php(14): Illuminate\\Support\\Facades\\Facade::__callStatic()
#7 /home/seke9323/ksl.kenamservices.net/vendor/laravel/framework/src/Illuminate/Database/Migrations/Migrator.php(507): Illuminate\\Database\\Migrations\\Migration@anonymous->up()
#8 /home/seke9323/ksl.kenamservices.net/vendor/laravel/framework/src/Illuminate/Database/Migrations/Migrator.php(432): Illuminate\\Database\\Migrations\\Migrator->runMethod()
#9 /home/seke9323/ksl.kenamservices.net/vendor/laravel/framework/src/Illuminate/Database/Migrations/Migrator.php(441): Illuminate\\Database\\Migrations\\Migrator->Illuminate\\Database\\Migrations\\{closure}()
#10 /home/seke9323/ksl.kenamservices.net/vendor/laravel/framework/src/Illuminate/Database/Migrations/Migrator.php(244): Illuminate\\Database\\Migrations\\Migrator->runMigration()
#11 /home/seke9323/ksl.kenamservices.net/vendor/laravel/framework/src/Illuminate/Console/View/Components/Task.php(40): Illuminate\\Database\\Migrations\\Migrator->Illuminate\\Database\\Migrations\\{closure}()
#12 /home/seke9323/ksl.kenamservices.net/vendor/laravel/framework/src/Illuminate/Database/Migrations/Migrator.php(798): Illuminate\\Console\\View\\Components\\Task->render()
#13 /home/seke9323/ksl.kenamservices.net/vendor/laravel/framework/src/Illuminate/Database/Migrations/Migrator.php(244): Illuminate\\Database\\Migrations\\Migrator->write()
#14 /home/seke9323/ksl.kenamservices.net/vendor/laravel/framework/src/Illuminate/Database/Migrations/Migrator.php(211): Illuminate\\Database\\Migrations\\Migrator->runUp()
#15 /home/seke9323/ksl.kenamservices.net/vendor/laravel/framework/src/Illuminate/Database/Migrations/Migrator.php(138): Illuminate\\Database\\Migrations\\Migrator->runPending()
#16 /home/seke9323/ksl.kenamservices.net/vendor/laravel/framework/src/Illuminate/Database/Console/Migrations/MigrateCommand.php(117): Illuminate\\Database\\Migrations\\Migrator->run()
#17 /home/seke9323/ksl.kenamservices.net/vendor/laravel/framework/src/Illuminate/Database/Migrations/Migrator.php(658): Illuminate\\Database\\Console\\Migrations\\MigrateCommand->Illuminate\\Database\\Console\\Migrations\\{closure}()
#18 /home/seke9323/ksl.kenamservices.net/vendor/laravel/framework/src/Illuminate/Database/Console/Migrations/MigrateCommand.php(110): Illuminate\\Database\\Migrations\\Migrator->usingConnection()
#19 /home/seke9323/ksl.kenamservices.net/vendor/laravel/framework/src/Illuminate/Database/Console/Migrations/MigrateCommand.php(89): Illuminate\\Database\\Console\\Migrations\\MigrateCommand->runMigrations()
#20 /home/seke9323/ksl.kenamservices.net/vendor/laravel/framework/src/Illuminate/Container/BoundMethod.php(36): Illuminate\\Database\\Console\\Migrations\\MigrateCommand->handle()
#21 /home/seke9323/ksl.kenamservices.net/vendor/laravel/framework/src/Illuminate/Container/Util.php(43): Illuminate\\Container\\BoundMethod::Illuminate\\Container\\{closure}()
#22 /home/seke9323/ksl.kenamservices.net/vendor/laravel/framework/src/Illuminate/Container/BoundMethod.php(95): Illuminate\\Container\\Util::unwrapIfClosure()
#23 /home/seke9323/ksl.kenamservices.net/vendor/laravel/framework/src/Illuminate/Container/BoundMethod.php(35): Illuminate\\Container\\BoundMethod::callBoundMethod()
#24 /home/seke9323/ksl.kenamservices.net/vendor/laravel/framework/src/Illuminate/Container/Container.php(696): Illuminate\\Container\\BoundMethod::call()
#25 /home/seke9323/ksl.kenamservices.net/vendor/laravel/framework/src/Illuminate/Console/Command.php(213): Illuminate\\Container\\Container->call()
#26 /home/seke9323/ksl.kenamservices.net/vendor/symfony/console/Command/Command.php(318): Illuminate\\Console\\Command->execute()
#27 /home/seke9323/ksl.kenamservices.net/vendor/laravel/framework/src/Illuminate/Console/Command.php(182): Symfony\\Component\\Console\\Command\\Command->run()
#28 /home/seke9323/ksl.kenamservices.net/vendor/symfony/console/Application.php(1110): Illuminate\\Console\\Command->run()
#29 /home/seke9323/ksl.kenamservices.net/vendor/symfony/console/Application.php(359): Symfony\\Component\\Console\\Application->doRunCommand()
#30 /home/seke9323/ksl.kenamservices.net/vendor/symfony/console/Application.php(194): Symfony\\Component\\Console\\Application->doRun()
#31 /home/seke9323/ksl.kenamservices.net/vendor/laravel/framework/src/Illuminate/Foundation/Console/Kernel.php(198): Symfony\\Component\\Console\\Application->run()
#32 /home/seke9323/ksl.kenamservices.net/vendor/laravel/framework/src/Illuminate/Foundation/Application.php(1235): Illuminate\\Foundation\\Console\\Kernel->handle()
#33 /home/seke9323/ksl.kenamservices.net/artisan(13): Illuminate\\Foundation\\Application->handleCommand()
#34 {main}

[previous exception] [object] (PDOException(code: 42S01): SQLSTATE[42S01]: Base table or view already exists: 1050 Table 'historique_commandes' already exists at /home/seke9323/ksl.kenamservices.net/vendor/laravel/framework/src/Illuminate/Database/Connection.php:571)
[stacktrace]
#0 /home/seke9323/ksl.kenamservices.net/vendor/laravel/framework/src/Illuminate/Database/Connection.php(571): PDOStatement->execute()
#1 /home/seke9323/ksl.kenamservices.net/vendor/laravel/framework/src/Illuminate/Database/Connection.php(812): Illuminate\\Database\\Connection->Illuminate\\Database\\{closure}()
#2 /home/seke9323/ksl.kenamservices.net/vendor/laravel/framework/src/Illuminate/Database/Connection.php(779): Illuminate\\Database\\Connection->runQueryCallback()
#3 /home/seke9323/ksl.kenamservices.net/vendor/laravel/framework/src/Illuminate/Database/Connection.php(560): Illuminate\\Database\\Connection->run()
#4 /home/seke9323/ksl.kenamservices.net/vendor/laravel/framework/src/Illuminate/Database/Schema/Blueprint.php(118): Illuminate\\Database\\Connection->statement()
#5 /home/seke9323/ksl.kenamservices.net/vendor/laravel/framework/src/Illuminate/Database/Schema/Builder.php(564): Illuminate\\Database\\Schema\\Blueprint->build()
#6 /home/seke9323/ksl.kenamservices.net/vendor/laravel/framework/src/Illuminate/Database/Schema/Builder.php(418): Illuminate\\Database\\Schema\\Builder->build()
#7 /home/seke9323/ksl.kenamservices.net/vendor/laravel/framework/src/Illuminate/Support/Facades/Facade.php(361): Illuminate\\Database\\Schema\\Builder->create()
#8 /home/seke9323/ksl.kenamservices.net/database/migrations/2026_01_12_181501_create_historique_commandes_table.php(14): Illuminate\\Support\\Facades\\Facade::__callStatic()
#9 /home/seke9323/ksl.kenamservices.net/vendor/laravel/framework/src/Illuminate/Database/Migrations/Migrator.php(507): Illuminate\\Database\\Migrations\\Migration@anonymous->up()
#10 /home/seke9323/ksl.kenamservices.net/vendor/laravel/framework/src/Illuminate/Database/Migrations/Migrator.php(432): Illuminate\\Database\\Migrations\\Migrator->runMethod()
#11 /home/seke9323/ksl.kenamservices.net/vendor/laravel/framework/src/Illuminate/Database/Migrations/Migrator.php(441): Illuminate\\Database\\Migrations\\Migrator->Illuminate\\Database\\Migrations\\{closure}()
#12 /home/seke9323/ksl.kenamservices.net/vendor/laravel/framework/src/Illuminate/Database/Migrations/Migrator.php(244): Illuminate\\Database\\Migrations\\Migrator->runMigration()
#13 /home/seke9323/ksl.kenamservices.net/vendor/laravel/framework/src/Illuminate/Console/View/Components/Task.php(40): Illuminate\\Database\\Migrations\\Migrator->Illuminate\\Database\\Migrations\\{closure}()
#14 /home/seke9323/ksl.kenamservices.net/vendor/laravel/framework/src/Illuminate/Database/Migrations/Migrator.php(798): Illuminate\\Console\\View\\Components\\Task->render()
#15 /home/seke9323/ksl.kenamservices.net/vendor/laravel/framework/src/Illuminate/Database/Migrations/Migrator.php(244): Illuminate\\Database\\Migrations\\Migrator->write()
#16 /home/seke9323/ksl.kenamservices.net/vendor/laravel/framework/src/Illuminate/Database/Migrations/Migrator.php(211): Illuminate\\Database\\Migrations\\Migrator->runUp()
#17 /home/seke9323/ksl.kenamservices.net/vendor/laravel/framework/src/Illuminate/Database/Migrations/Migrator.php(138): Illuminate\\Database\\Migrations\\Migrator->runPending()
#18 /home/seke9323/ksl.kenamservices.net/vendor/laravel/framework/src/Illuminate/Database/Console/Migrations/MigrateCommand.php(117): Illuminate\\Database\\Migrations\\Migrator->run()
#19 /home/seke9323/ksl.kenamservices.net/vendor/laravel/framework/src/Illuminate/Database/Migrations/Migrator.php(658): Illuminate\\Database\\Console\\Migrations\\MigrateCommand->Illuminate\\Database\\Console\\Migrations\\{closure}()
#20 /home/seke9323/ksl.kenamservices.net/vendor/laravel/framework/src/Illuminate/Database/Console/Migrations/MigrateCommand.php(110): Illuminate\\Database\\Migrations\\Migrator->usingConnection()
#21 /home/seke9323/ksl.kenamservices.net/vendor/laravel/framework/src/Illuminate/Database/Console/Migrations/MigrateCommand.php(89): Illuminate\\Database\\Console\\Migrations\\MigrateCommand->runMigrations()
#22 /home/seke9323/ksl.kenamservices.net/vendor/laravel/framework/src/Illuminate/Container/BoundMethod.php(36): Illuminate\\Database\\Console\\Migrations\\MigrateCommand->handle()
#23 /home/seke9323/ksl.kenamservices.net/vendor/laravel/framework/src/Illuminate/Container/Util.php(43): Illuminate\\Container\\BoundMethod::Illuminate\\Container\\{closure}()
#24 /home/seke9323/ksl.kenamservices.net/vendor/laravel/framework/src/Illuminate/Container/BoundMethod.php(95): Illuminate\\Container\\Util::unwrapIfClosure()
#25 /home/seke9323/ksl.kenamservices.net/vendor/laravel/framework/src/Illuminate/Container/BoundMethod.php(35): Illuminate\\Container\\BoundMethod::callBoundMethod()
#26 /home/seke9323/ksl.kenamservices.net/vendor/laravel/framework/src/Illuminate/Container/Container.php(696): Illuminate\\Container\\BoundMethod::call()
#27 /home/seke9323/ksl.kenamservices.net/vendor/laravel/framework/src/Illuminate/Console/Command.php(213): Illuminate\\Container\\Container->call()
#28 /home/seke9323/ksl.kenamservices.net/vendor/symfony/console/Command/Command.php(318): Illuminate\\Console\\Command->execute()
#29 /home/seke9323/ksl.kenamservices.net/vendor/laravel/framework/src/Illuminate/Console/Command.php(182): Symfony\\Component\\Console\\Command\\Command->run()
#30 /home/seke9323/ksl.kenamservices.net/vendor/symfony/console/Application.php(1110): Illuminate\\Console\\Command->run()
#31 /home/seke9323/ksl.kenamservices.net/vendor/symfony/console/Application.php(359): Symfony\\Component\\Console\\Application->doRunCommand()
#32 /home/seke9323/ksl.kenamservices.net/vendor/symfony/console/Application.php(194): Symfony\\Component\\Console\\Application->doRun()
#33 /home/seke9323/ksl.kenamservices.net/vendor/laravel/framework/src/Illuminate/Foundation/Console/Kernel.php(198): Symfony\\Component\\Console\\Application->run()
#34 /home/seke9323/ksl.kenamservices.net/vendor/laravel/framework/src/Illuminate/Foundation/Application.php(1235): Illuminate\\Foundation\\Console\\Kernel->handle()
#35 /home/seke9323/ksl.kenamservices.net/artisan(13): Illuminate\\Foundation\\Application->handleCommand()
#36 {main}
"} 
[2026-01-17 17:28:17] production.ERROR: Unsupported cipher or incorrect key length. Supported ciphers are: aes-128-cbc, aes-256-cbc, aes-128-gcm, aes-256-gcm. {"exception":"[object] (RuntimeException(code: 0): Unsupported cipher or incorrect key length. Supported ciphers are: aes-128-cbc, aes-256-cbc, aes-128-gcm, aes-256-gcm. at /home/seke9323/ksl.kenamservices.net/vendor/laravel/framework/src/Illuminate/Encryption/Encrypter.php:62)
[stacktrace]
#0 /home/seke9323/ksl.kenamservices.net/vendor/laravel/framework/src/Illuminate/Encryption/EncryptionServiceProvider.php(32): Illuminate\\Encryption\\Encrypter->__construct()
#1 /home/seke9323/ksl.kenamservices.net/vendor/laravel/framework/src/Illuminate/Container/Container.php(952): Illuminate\\Encryption\\EncryptionServiceProvider->Illuminate\\Encryption\\{closure}()
#2 /home/seke9323/ksl.kenamservices.net/vendor/laravel/framework/src/Illuminate/Container/Container.php(832): Illuminate\\Container\\Container->build()
#3 /home/seke9323/ksl.kenamservices.net/vendor/laravel/framework/src/Illuminate/Foundation/Application.php(1078): Illuminate\\Container\\Container->resolve()
#4 /home/seke9323/ksl.kenamservices.net/vendor/laravel/framework/src/Illuminate/Container/Container.php(763): Illuminate\\Foundation\\Application->resolve()
#5 /home/seke9323/ksl.kenamservices.net/vendor/laravel/framework/src/Illuminate/Foundation/Application.php(1058): Illuminate\\Container\\Container->make()
#6 /home/seke9323/ksl.kenamservices.net/vendor/laravel/framework/src/Illuminate/Container/Container.php(1133): Illuminate\\Foundation\\Application->make()
#7 /home/seke9323/ksl.kenamservices.net/vendor/laravel/framework/src/Illuminate/Container/Container.php(1043): Illuminate\\Container\\Container->resolveClass()
#8 /home/seke9323/ksl.kenamservices.net/vendor/laravel/framework/src/Illuminate/Container/Container.php(994): Illuminate\\Container\\Container->resolveDependencies()
#9 /home/seke9323/ksl.kenamservices.net/vendor/laravel/framework/src/Illuminate/Container/Container.php(832): Illuminate\\Container\\Container->build()
#10 /home/seke9323/ksl.kenamservices.net/vendor/laravel/framework/src/Illuminate/Foundation/Application.php(1078): Illuminate\\Container\\Container->resolve()
#11 /home/seke9323/ksl.kenamservices.net/vendor/laravel/framework/src/Illuminate/Container/Container.php(763): Illuminate\\Foundation\\Application->resolve()
#12 /home/seke9323/ksl.kenamservices.net/vendor/laravel/framework/src/Illuminate/Foundation/Application.php(1058): Illuminate\\Container\\Container->make()
#13 /home/seke9323/ksl.kenamservices.net/vendor/laravel/framework/src/Illuminate/Pipeline/Pipeline.php(198): Illuminate\\Foundation\\Application->make()
#14 /home/seke9323/ksl.kenamservices.net/vendor/laravel/framework/src/Illuminate/Pipeline/Pipeline.php(127): Illuminate\\Pipeline\\Pipeline->Illuminate\\Pipeline\\{closure}()
#15 /home/seke9323/ksl.kenamservices.net/vendor/laravel/framework/src/Illuminate/Routing/Router.php(807): Illuminate\\Pipeline\\Pipeline->then()
#16 /home/seke9323/ksl.kenamservices.net/vendor/laravel/framework/src/Illuminate/Routing/Router.php(786): Illuminate\\Routing\\Router->runRouteWithinStack()
#17 /home/seke9323/ksl.kenamservices.net/vendor/laravel/framework/src/Illuminate/Routing/Router.php(750): Illuminate\\Routing\\Router->runRoute()
#18 /home/seke9323/ksl.kenamservices.net/vendor/laravel/framework/src/Illuminate/Routing/Router.php(739): Illuminate\\Routing\\Router->dispatchToRoute()
#19 /home/seke9323/ksl.kenamservices.net/vendor/laravel/framework/src/Illuminate/Foundation/Http/Kernel.php(201): Illuminate\\Routing\\Router->dispatch()
#20 /home/seke9323/ksl.kenamservices.net/vendor/laravel/framework/src/Illuminate/Pipeline/Pipeline.php(170): Illuminate\\Foundation\\Http\\Kernel->Illuminate\\Foundation\\Http\\{closure}()
#21 /home/seke9323/ksl.kenamservices.net/vendor/laravel/framework/src/Illuminate/Foundation/Http/Middleware/TransformsRequest.php(21): Illuminate\\Pipeline\\Pipeline->Illuminate\\Pipeline\\{closure}()
#22 /home/seke9323/ksl.kenamservices.net/vendor/laravel/framework/src/Illuminate/Foundation/Http/Middleware/ConvertEmptyStringsToNull.php(31): Illuminate\\Foundation\\Http\\Middleware\\TransformsRequest->handle()
#23 /home/seke9323/ksl.kenamservices.net/vendor/laravel/framework/src/Illuminate/Pipeline/Pipeline.php(209): Illuminate\\Foundation\\Http\\Middleware\\ConvertEmptyStringsToNull->handle()
#24 /home/seke9323/ksl.kenamservices.net/vendor/laravel/framework/src/Illuminate/Foundation/Http/Middleware/TransformsRequest.php(21): Illuminate\\Pipeline\\Pipeline->Illuminate\\Pipeline\\{closure}()
#25 /home/seke9323/ksl.kenamservices.net/vendor/laravel/framework/src/Illuminate/Foundation/Http/Middleware/TrimStrings.php(51): Illuminate\\Foundation\\Http\\Middleware\\TransformsRequest->handle()
#26 /home/seke9323/ksl.kenamservices.net/vendor/laravel/framework/src/Illuminate/Pipeline/Pipeline.php(209): Illuminate\\Foundation\\Http\\Middleware\\TrimStrings->handle()
#27 /home/seke9323/ksl.kenamservices.net/vendor/laravel/framework/src/Illuminate/Http/Middleware/ValidatePostSize.php(27): Illuminate\\Pipeline\\Pipeline->Illuminate\\Pipeline\\{closure}()
#28 /home/seke9323/ksl.kenamservices.net/vendor/laravel/framework/src/Illuminate/Pipeline/Pipeline.php(209): Illuminate\\Http\\Middleware\\ValidatePostSize->handle()
#29 /home/seke9323/ksl.kenamservices.net/vendor/laravel/framework/src/Illuminate/Foundation/Http/Middleware/PreventRequestsDuringMaintenance.php(110): Illuminate\\Pipeline\\Pipeline->Illuminate\\Pipeline\\{closure}()
#30 /home/seke9323/ksl.kenamservices.net/vendor/laravel/framework/src/Illuminate/Pipeline/Pipeline.php(209): Illuminate\\Foundation\\Http\\Middleware\\PreventRequestsDuringMaintenance->handle()
#31 /home/seke9323/ksl.kenamservices.net/vendor/laravel/framework/src/Illuminate/Http/Middleware/HandleCors.php(49): Illuminate\\Pipeline\\Pipeline->Illuminate\\Pipeline\\{closure}()
#32 /home/seke9323/ksl.kenamservices.net/vendor/laravel/framework/src/Illuminate/Pipeline/Pipeline.php(209): Illuminate\\Http\\Middleware\\HandleCors->handle()
#33 /home/seke9323/ksl.kenamservices.net/vendor/laravel/framework/src/Illuminate/Http/Middleware/TrustProxies.php(58): Illuminate\\Pipeline\\Pipeline->Illuminate\\Pipeline\\{closure}()
#34 /home/seke9323/ksl.kenamservices.net/vendor/laravel/framework/src/Illuminate/Pipeline/Pipeline.php(209): Illuminate\\Http\\Middleware\\TrustProxies->handle()
#35 /home/seke9323/ksl.kenamservices.net/vendor/laravel/framework/src/Illuminate/Foundation/Http/Middleware/InvokeDeferredCallbacks.php(22): Illuminate\\Pipeline\\Pipeline->Illuminate\\Pipeline\\{closure}()
#36 /home/seke9323/ksl.kenamservices.net/vendor/laravel/framework/src/Illuminate/Pipeline/Pipeline.php(209): Illuminate\\Foundation\\Http\\Middleware\\InvokeDeferredCallbacks->handle()
#37 /home/seke9323/ksl.kenamservices.net/vendor/laravel/framework/src/Illuminate/Pipeline/Pipeline.php(127): Illuminate\\Pipeline\\Pipeline->Illuminate\\Pipeline\\{closure}()
#38 /home/seke9323/ksl.kenamservices.net/vendor/laravel/framework/src/Illuminate/Foundation/Http/Kernel.php(176): Illuminate\\Pipeline\\Pipeline->then()
#39 /home/seke9323/ksl.kenamservices.net/vendor/laravel/framework/src/Illuminate/Foundation/Http/Kernel.php(145): Illuminate\\Foundation\\Http\\Kernel->sendRequestThroughRouter()
#40 /home/seke9323/ksl.kenamservices.net/vendor/laravel/framework/src/Illuminate/Foundation/Application.php(1220): Illuminate\\Foundation\\Http\\Kernel->handle()
#41 /home/seke9323/ksl.kenamservices.net/public/index.php(17): Illuminate\\Foundation\\Application->handleRequest()
#42 {main}
"} 
[2026-01-17 17:28:17] production.ERROR: Unsupported cipher or incorrect key length. Supported ciphers are: aes-128-cbc, aes-256-cbc, aes-128-gcm, aes-256-gcm. {"exception":"[object] (RuntimeException(code: 0): Unsupported cipher or incorrect key length. Supported ciphers are: aes-128-cbc, aes-256-cbc, aes-128-gcm, aes-256-gcm. at /home/seke9323/ksl.kenamservices.net/vendor/laravel/framework/src/Illuminate/Encryption/Encrypter.php:62)
[stacktrace]
#0 /home/seke9323/ksl.kenamservices.net/vendor/laravel/framework/src/Illuminate/Encryption/EncryptionServiceProvider.php(32): Illuminate\\Encryption\\Encrypter->__construct()
#1 /home/seke9323/ksl.kenamservices.net/vendor/laravel/framework/src/Illuminate/Container/Container.php(952): Illuminate\\Encryption\\EncryptionServiceProvider->Illuminate\\Encryption\\{closure}()
#2 /home/seke9323/ksl.kenamservices.net/vendor/laravel/framework/src/Illuminate/Container/Container.php(832): Illuminate\\Container\\Container->build()
#3 /home/seke9323/ksl.kenamservices.net/vendor/laravel/framework/src/Illuminate/Foundation/Application.php(1078): Illuminate\\Container\\Container->resolve()
#4 /home/seke9323/ksl.kenamservices.net/vendor/laravel/framework/src/Illuminate/Container/Container.php(763): Illuminate\\Foundation\\Application->resolve()
#5 /home/seke9323/ksl.kenamservices.net/vendor/laravel/framework/src/Illuminate/Foundation/Application.php(1058): Illuminate\\Container\\Container->make()
#6 /home/seke9323/ksl.kenamservices.net/vendor/laravel/framework/src/Illuminate/Container/Container.php(1133): Illuminate\\Foundation\\Application->make()
#7 /home/seke9323/ksl.kenamservices.net/vendor/laravel/framework/src/Illuminate/Container/Container.php(1043): Illuminate\\Container\\Container->resolveClass()
#8 /home/seke9323/ksl.kenamservices.net/vendor/laravel/framework/src/Illuminate/Container/Container.php(994): Illuminate\\Container\\Container->resolveDependencies()
#9 /home/seke9323/ksl.kenamservices.net/vendor/laravel/framework/src/Illuminate/Container/Container.php(832): Illuminate\\Container\\Container->build()
#10 /home/seke9323/ksl.kenamservices.net/vendor/laravel/framework/src/Illuminate/Foundation/Application.php(1078): Illuminate\\Container\\Container->resolve()
#11 /home/seke9323/ksl.kenamservices.net/vendor/laravel/framework/src/Illuminate/Container/Container.php(763): Illuminate\\Foundation\\Application->resolve()
#12 /home/seke9323/ksl.kenamservices.net/vendor/laravel/framework/src/Illuminate/Foundation/Application.php(1058): Illuminate\\Container\\Container->make()
#13 /home/seke9323/ksl.kenamservices.net/vendor/laravel/framework/src/Illuminate/Foundation/Http/Kernel.php(258): Illuminate\\Foundation\\Application->make()
#14 /home/seke9323/ksl.kenamservices.net/vendor/laravel/framework/src/Illuminate/Foundation/Http/Kernel.php(216): Illuminate\\Foundation\\Http\\Kernel->terminateMiddleware()
#15 /home/seke9323/ksl.kenamservices.net/vendor/laravel/framework/src/Illuminate/Foundation/Application.php(1222): Illuminate\\Foundation\\Http\\Kernel->terminate()
#16 /home/seke9323/ksl.kenamservices.net/public/index.php(17): Illuminate\\Foundation\\Application->handleRequest()
#17 {main}
"} 
[2026-01-17 17:29:14] production.ERROR: Unsupported cipher or incorrect key length. Supported ciphers are: aes-128-cbc, aes-256-cbc, aes-128-gcm, aes-256-gcm. {"exception":"[object] (RuntimeException(code: 0): Unsupported cipher or incorrect key length. Supported ciphers are: aes-128-cbc, aes-256-cbc, aes-128-gcm, aes-256-gcm. at /home/seke9323/ksl.kenamservices.net/vendor/laravel/framework/src/Illuminate/Encryption/Encrypter.php:62)
[stacktrace]
#0 /home/seke9323/ksl.kenamservices.net/vendor/laravel/framework/src/Illuminate/Encryption/EncryptionServiceProvider.php(32): Illuminate\\Encryption\\Encrypter->__construct()
#1 /home/seke9323/ksl.kenamservices.net/vendor/laravel/framework/src/Illuminate/Container/Container.php(952): Illuminate\\Encryption\\EncryptionServiceProvider->Illuminate\\Encryption\\{closure}()
#2 /home/seke9323/ksl.kenamservices.net/vendor/laravel/framework/src/Illuminate/Container/Container.php(832): Illuminate\\Container\\Container->build()
#3 /home/seke9323/ksl.kenamservices.net/vendor/laravel/framework/src/Illuminate/Foundation/Application.php(1078): Illuminate\\Container\\Container->resolve()
#4 /home/seke9323/ksl.kenamservices.net/vendor/laravel/framework/src/Illuminate/Container/Container.php(763): Illuminate\\Foundation\\Application->resolve()
#5 /home/seke9323/ksl.kenamservices.net/vendor/laravel/framework/src/Illuminate/Foundation/Application.php(1058): Illuminate\\Container\\Container->make()
#6 /home/seke9323/ksl.kenamservices.net/vendor/laravel/framework/src/Illuminate/Container/Container.php(1133): Illuminate\\Foundation\\Application->make()
#7 /home/seke9323/ksl.kenamservices.net/vendor/laravel/framework/src/Illuminate/Container/Container.php(1043): Illuminate\\Container\\Container->resolveClass()
#8 /home/seke9323/ksl.kenamservices.net/vendor/laravel/framework/src/Illuminate/Container/Container.php(994): Illuminate\\Container\\Container->resolveDependencies()
#9 /home/seke9323/ksl.kenamservices.net/vendor/laravel/framework/src/Illuminate/Container/Container.php(832): Illuminate\\Container\\Container->build()
#10 /home/seke9323/ksl.kenamservices.net/vendor/laravel/framework/src/Illuminate/Foundation/Application.php(1078): Illuminate\\Container\\Container->resolve()
#11 /home/seke9323/ksl.kenamservices.net/vendor/laravel/framework/src/Illuminate/Container/Container.php(763): Illuminate\\Foundation\\Application->resolve()
#12 /home/seke9323/ksl.kenamservices.net/vendor/laravel/framework/src/Illuminate/Foundation/Application.php(1058): Illuminate\\Container\\Container->make()
#13 /home/seke9323/ksl.kenamservices.net/vendor/laravel/framework/src/Illuminate/Pipeline/Pipeline.php(198): Illuminate\\Foundation\\Application->make()
#14 /home/seke9323/ksl.kenamservices.net/vendor/laravel/framework/src/Illuminate/Pipeline/Pipeline.php(127): Illuminate\\Pipeline\\Pipeline->Illuminate\\Pipeline\\{closure}()
#15 /home/seke9323/ksl.kenamservices.net/vendor/laravel/framework/src/Illuminate/Routing/Router.php(807): Illuminate\\Pipeline\\Pipeline->then()
#16 /home/seke9323/ksl.kenamservices.net/vendor/laravel/framework/src/Illuminate/Routing/Router.php(786): Illuminate\\Routing\\Router->runRouteWithinStack()
#17 /home/seke9323/ksl.kenamservices.net/vendor/laravel/framework/src/Illuminate/Routing/Router.php(750): Illuminate\\Routing\\Router->runRoute()
#18 /home/seke9323/ksl.kenamservices.net/vendor/laravel/framework/src/Illuminate/Routing/Router.php(739): Illuminate\\Routing\\Router->dispatchToRoute()
#19 /home/seke9323/ksl.kenamservices.net/vendor/laravel/framework/src/Illuminate/Foundation/Http/Kernel.php(201): Illuminate\\Routing\\Router->dispatch()
#20 /home/seke9323/ksl.kenamservices.net/vendor/laravel/framework/src/Illuminate/Pipeline/Pipeline.php(170): Illuminate\\Foundation\\Http\\Kernel->Illuminate\\Foundation\\Http\\{closure}()
#21 /home/seke9323/ksl.kenamservices.net/vendor/laravel/framework/src/Illuminate/Foundation/Http/Middleware/TransformsRequest.php(21): Illuminate\\Pipeline\\Pipeline->Illuminate\\Pipeline\\{closure}()
#22 /home/seke9323/ksl.kenamservices.net/vendor/laravel/framework/src/Illuminate/Foundation/Http/Middleware/ConvertEmptyStringsToNull.php(31): Illuminate\\Foundation\\Http\\Middleware\\TransformsRequest->handle()
#23 /home/seke9323/ksl.kenamservices.net/vendor/laravel/framework/src/Illuminate/Pipeline/Pipeline.php(209): Illuminate\\Foundation\\Http\\Middleware\\ConvertEmptyStringsToNull->handle()
#24 /home/seke9323/ksl.kenamservices.net/vendor/laravel/framework/src/Illuminate/Foundation/Http/Middleware/TransformsRequest.php(21): Illuminate\\Pipeline\\Pipeline->Illuminate\\Pipeline\\{closure}()
#25 /home/seke9323/ksl.kenamservices.net/vendor/laravel/framework/src/Illuminate/Foundation/Http/Middleware/TrimStrings.php(51): Illuminate\\Foundation\\Http\\Middleware\\TransformsRequest->handle()
#26 /home/seke9323/ksl.kenamservices.net/vendor/laravel/framework/src/Illuminate/Pipeline/Pipeline.php(209): Illuminate\\Foundation\\Http\\Middleware\\TrimStrings->handle()
#27 /home/seke9323/ksl.kenamservices.net/vendor/laravel/framework/src/Illuminate/Http/Middleware/ValidatePostSize.php(27): Illuminate\\Pipeline\\Pipeline->Illuminate\\Pipeline\\{closure}()
#28 /home/seke9323/ksl.kenamservices.net/vendor/laravel/framework/src/Illuminate/Pipeline/Pipeline.php(209): Illuminate\\Http\\Middleware\\ValidatePostSize->handle()
#29 /home/seke9323/ksl.kenamservices.net/vendor/laravel/framework/src/Illuminate/Foundation/Http/Middleware/PreventRequestsDuringMaintenance.php(110): Illuminate\\Pipeline\\Pipeline->Illuminate\\Pipeline\\{closure}()
#30 /home/seke9323/ksl.kenamservices.net/vendor/laravel/framework/src/Illuminate/Pipeline/Pipeline.php(209): Illuminate\\Foundation\\Http\\Middleware\\PreventRequestsDuringMaintenance->handle()
#31 /home/seke9323/ksl.kenamservices.net/vendor/laravel/framework/src/Illuminate/Http/Middleware/HandleCors.php(49): Illuminate\\Pipeline\\Pipeline->Illuminate\\Pipeline\\{closure}()
#32 /home/seke9323/ksl.kenamservices.net/vendor/laravel/framework/src/Illuminate/Pipeline/Pipeline.php(209): Illuminate\\Http\\Middleware\\HandleCors->handle()
#33 /home/seke9323/ksl.kenamservices.net/vendor/laravel/framework/src/Illuminate/Http/Middleware/TrustProxies.php(58): Illuminate\\Pipeline\\Pipeline->Illuminate\\Pipeline\\{closure}()
#34 /home/seke9323/ksl.kenamservices.net/vendor/laravel/framework/src/Illuminate/Pipeline/Pipeline.php(209): Illuminate\\Http\\Middleware\\TrustProxies->handle()
#35 /home/seke9323/ksl.kenamservices.net/vendor/laravel/framework/src/Illuminate/Foundation/Http/Middleware/InvokeDeferredCallbacks.php(22): Illuminate\\Pipeline\\Pipeline->Illuminate\\Pipeline\\{closure}()
#36 /home/seke9323/ksl.kenamservices.net/vendor/laravel/framework/src/Illuminate/Pipeline/Pipeline.php(209): Illuminate\\Foundation\\Http\\Middleware\\InvokeDeferredCallbacks->handle()
#37 /home/seke9323/ksl.kenamservices.net/vendor/laravel/framework/src/Illuminate/Pipeline/Pipeline.php(127): Illuminate\\Pipeline\\Pipeline->Illuminate\\Pipeline\\{closure}()
#38 /home/seke9323/ksl.kenamservices.net/vendor/laravel/framework/src/Illuminate/Foundation/Http/Kernel.php(176): Illuminate\\Pipeline\\Pipeline->then()
#39 /home/seke9323/ksl.kenamservices.net/vendor/laravel/framework/src/Illuminate/Foundation/Http/Kernel.php(145): Illuminate\\Foundation\\Http\\Kernel->sendRequestThroughRouter()
#40 /home/seke9323/ksl.kenamservices.net/vendor/laravel/framework/src/Illuminate/Foundation/Application.php(1220): Illuminate\\Foundation\\Http\\Kernel->handle()
#41 /home/seke9323/ksl.kenamservices.net/public/index.php(17): Illuminate\\Foundation\\Application->handleRequest()
#42 {main}
"} 
[2026-01-17 17:29:14] production.ERROR: Unsupported cipher or incorrect key length. Supported ciphers are: aes-128-cbc, aes-256-cbc, aes-128-gcm, aes-256-gcm. {"exception":"[object] (RuntimeException(code: 0): Unsupported cipher or incorrect key length. Supported ciphers are: aes-128-cbc, aes-256-cbc, aes-128-gcm, aes-256-gcm. at /home/seke9323/ksl.kenamservices.net/vendor/laravel/framework/src/Illuminate/Encryption/Encrypter.php:62)
[stacktrace]
#0 /home/seke9323/ksl.kenamservices.net/vendor/laravel/framework/src/Illuminate/Encryption/EncryptionServiceProvider.php(32): Illuminate\\Encryption\\Encrypter->__construct()
#1 /home/seke9323/ksl.kenamservices.net/vendor/laravel/framework/src/Illuminate/Container/Container.php(952): Illuminate\\Encryption\\EncryptionServiceProvider->Illuminate\\Encryption\\{closure}()
#2 /home/seke9323/ksl.kenamservices.net/vendor/laravel/framework/src/Illuminate/Container/Container.php(832): Illuminate\\Container\\Container->build()
#3 /home/seke9323/ksl.kenamservices.net/vendor/laravel/framework/src/Illuminate/Foundation/Application.php(1078): Illuminate\\Container\\Container->resolve()
#4 /home/seke9323/ksl.kenamservices.net/vendor/laravel/framework/src/Illuminate/Container/Container.php(763): Illuminate\\Foundation\\Application->resolve()
#5 /home/seke9323/ksl.kenamservices.net/vendor/laravel/framework/src/Illuminate/Foundation/Application.php(1058): Illuminate\\Container\\Container->make()
#6 /home/seke9323/ksl.kenamservices.net/vendor/laravel/framework/src/Illuminate/Container/Container.php(1133): Illuminate\\Foundation\\Application->make()
#7 /home/seke9323/ksl.kenamservices.net/vendor/laravel/framework/src/Illuminate/Container/Container.php(1043): Illuminate\\Container\\Container->resolveClass()
#8 /home/seke9323/ksl.kenamservices.net/vendor/laravel/framework/src/Illuminate/Container/Container.php(994): Illuminate\\Container\\Container->resolveDependencies()
#9 /home/seke9323/ksl.kenamservices.net/vendor/laravel/framework/src/Illuminate/Container/Container.php(832): Illuminate\\Container\\Container->build()
#10 /home/seke9323/ksl.kenamservices.net/vendor/laravel/framework/src/Illuminate/Foundation/Application.php(1078): Illuminate\\Container\\Container->resolve()
#11 /home/seke9323/ksl.kenamservices.net/vendor/laravel/framework/src/Illuminate/Container/Container.php(763): Illuminate\\Foundation\\Application->resolve()
#12 /home/seke9323/ksl.kenamservices.net/vendor/laravel/framework/src/Illuminate/Foundation/Application.php(1058): Illuminate\\Container\\Container->make()
#13 /home/seke9323/ksl.kenamservices.net/vendor/laravel/framework/src/Illuminate/Foundation/Http/Kernel.php(258): Illuminate\\Foundation\\Application->make()
#14 /home/seke9323/ksl.kenamservices.net/vendor/laravel/framework/src/Illuminate/Foundation/Http/Kernel.php(216): Illuminate\\Foundation\\Http\\Kernel->terminateMiddleware()
#15 /home/seke9323/ksl.kenamservices.net/vendor/laravel/framework/src/Illuminate/Foundation/Application.php(1222): Illuminate\\Foundation\\Http\\Kernel->terminate()
#16 /home/seke9323/ksl.kenamservices.net/public/index.php(17): Illuminate\\Foundation\\Application->handleRequest()
#17 {main}
"} 
[2026-01-17 19:37:11] production.ERROR: This password does not use the Bcrypt algorithm. {"exception":"[object] (RuntimeException(code: 0): This password does not use the Bcrypt algorithm. at /home/seke9323/ksl.kenamservices.net/vendor/laravel/framework/src/Illuminate/Hashing/BcryptHasher.php:76)
[stacktrace]
#0 /home/seke9323/ksl.kenamservices.net/vendor/laravel/framework/src/Illuminate/Hashing/HashManager.php(76): Illuminate\\Hashing\\BcryptHasher->check()
#1 /home/seke9323/ksl.kenamservices.net/vendor/laravel/framework/src/Illuminate/Auth/EloquentUserProvider.php(159): Illuminate\\Hashing\\HashManager->check()
#2 /home/seke9323/ksl.kenamservices.net/vendor/laravel/framework/src/Illuminate/Auth/SessionGuard.php(482): Illuminate\\Auth\\EloquentUserProvider->validateCredentials()
#3 /home/seke9323/ksl.kenamservices.net/vendor/laravel/framework/src/Illuminate/Auth/SessionGuard.php(420): Illuminate\\Auth\\SessionGuard->hasValidCredentials()
#4 /home/seke9323/ksl.kenamservices.net/vendor/laravel/framework/src/Illuminate/Support/Timebox.php(34): Illuminate\\Auth\\SessionGuard->Illuminate\\Auth\\{closure}()
#5 /home/seke9323/ksl.kenamservices.net/vendor/laravel/framework/src/Illuminate/Auth/SessionGuard.php(412): Illuminate\\Support\\Timebox->call()
#6 /home/seke9323/ksl.kenamservices.net/vendor/laravel/framework/src/Illuminate/Auth/AuthManager.php(340): Illuminate\\Auth\\SessionGuard->attempt()
#7 /home/seke9323/ksl.kenamservices.net/app/Http/Controllers/Auth/LoginController.php(27): Illuminate\\Auth\\AuthManager->__call()
#8 /home/seke9323/ksl.kenamservices.net/vendor/laravel/framework/src/Illuminate/Routing/Controller.php(54): App\\Http\\Controllers\\Auth\\LoginController->login()
#9 /home/seke9323/ksl.kenamservices.net/vendor/laravel/framework/src/Illuminate/Routing/ControllerDispatcher.php(44): Illuminate\\Routing\\Controller->callAction()
#10 /home/seke9323/ksl.kenamservices.net/vendor/laravel/framework/src/Illuminate/Routing/Route.php(266): Illuminate\\Routing\\ControllerDispatcher->dispatch()
#11 /home/seke9323/ksl.kenamservices.net/vendor/laravel/framework/src/Illuminate/Routing/Route.php(212): Illuminate\\Routing\\Route->runController()
#12 /home/seke9323/ksl.kenamservices.net/vendor/laravel/framework/src/Illuminate/Routing/Router.php(808): Illuminate\\Routing\\Route->run()
#13 /home/seke9323/ksl.kenamservices.net/vendor/laravel/framework/src/Illuminate/Pipeline/Pipeline.php(170): Illuminate\\Routing\\Router->Illuminate\\Routing\\{closure}()
#14 /home/seke9323/ksl.kenamservices.net/vendor/laravel/framework/src/Illuminate/Auth/Middleware/RedirectIfAuthenticated.php(35): Illuminate\\Pipeline\\Pipeline->Illuminate\\Pipeline\\{closure}()
#15 /home/seke9323/ksl.kenamservices.net/vendor/laravel/framework/src/Illuminate/Pipeline/Pipeline.php(209): Illuminate\\Auth\\Middleware\\RedirectIfAuthenticated->handle()
#16 /home/seke9323/ksl.kenamservices.net/vendor/laravel/framework/src/Illuminate/Routing/Middleware/SubstituteBindings.php(51): Illuminate\\Pipeline\\Pipeline->Illuminate\\Pipeline\\{closure}()
#17 /home/seke9323/ksl.kenamservices.net/vendor/laravel/framework/src/Illuminate/Pipeline/Pipeline.php(209): Illuminate\\Routing\\Middleware\\SubstituteBindings->handle()
#18 /home/seke9323/ksl.kenamservices.net/vendor/laravel/framework/src/Illuminate/Foundation/Http/Middleware/VerifyCsrfToken.php(88): Illuminate\\Pipeline\\Pipeline->Illuminate\\Pipeline\\{closure}()
#19 /home/seke9323/ksl.kenamservices.net/vendor/laravel/framework/src/Illuminate/Pipeline/Pipeline.php(209): Illuminate\\Foundation\\Http\\Middleware\\VerifyCsrfToken->handle()
#20 /home/seke9323/ksl.kenamservices.net/vendor/laravel/framework/src/Illuminate/View/Middleware/ShareErrorsFromSession.php(49): Illuminate\\Pipeline\\Pipeline->Illuminate\\Pipeline\\{closure}()
#21 /home/seke9323/ksl.kenamservices.net/vendor/laravel/framework/src/Illuminate/Pipeline/Pipeline.php(209): Illuminate\\View\\Middleware\\ShareErrorsFromSession->handle()
#22 /home/seke9323/ksl.kenamservices.net/vendor/laravel/framework/src/Illuminate/Session/Middleware/StartSession.php(121): Illuminate\\Pipeline\\Pipeline->Illuminate\\Pipeline\\{closure}()
#23 /home/seke9323/ksl.kenamservices.net/vendor/laravel/framework/src/Illuminate/Session/Middleware/StartSession.php(64): Illuminate\\Session\\Middleware\\StartSession->handleStatefulRequest()
#24 /home/seke9323/ksl.kenamservices.net/vendor/laravel/framework/src/Illuminate/Pipeline/Pipeline.php(209): Illuminate\\Session\\Middleware\\StartSession->handle()
#25 /home/seke9323/ksl.kenamservices.net/vendor/laravel/framework/src/Illuminate/Cookie/Middleware/AddQueuedCookiesToResponse.php(37): Illuminate\\Pipeline\\Pipeline->Illuminate\\Pipeline\\{closure}()
#26 /home/seke9323/ksl.kenamservices.net/vendor/laravel/framework/src/Illuminate/Pipeline/Pipeline.php(209): Illuminate\\Cookie\\Middleware\\AddQueuedCookiesToResponse->handle()
#27 /home/seke9323/ksl.kenamservices.net/vendor/laravel/framework/src/Illuminate/Cookie/Middleware/EncryptCookies.php(75): Illuminate\\Pipeline\\Pipeline->Illuminate\\Pipeline\\{closure}()
#28 /home/seke9323/ksl.kenamservices.net/vendor/laravel/framework/src/Illuminate/Pipeline/Pipeline.php(209): Illuminate\\Cookie\\Middleware\\EncryptCookies->handle()
#29 /home/seke9323/ksl.kenamservices.net/vendor/laravel/framework/src/Illuminate/Pipeline/Pipeline.php(127): Illuminate\\Pipeline\\Pipeline->Illuminate\\Pipeline\\{closure}()
#30 /home/seke9323/ksl.kenamservices.net/vendor/laravel/framework/src/Illuminate/Routing/Router.php(807): Illuminate\\Pipeline\\Pipeline->then()
#31 /home/seke9323/ksl.kenamservices.net/vendor/laravel/framework/src/Illuminate/Routing/Router.php(786): Illuminate\\Routing\\Router->runRouteWithinStack()
#32 /home/seke9323/ksl.kenamservices.net/vendor/laravel/framework/src/Illuminate/Routing/Router.php(750): Illuminate\\Routing\\Router->runRoute()
#33 /home/seke9323/ksl.kenamservices.net/vendor/laravel/framework/src/Illuminate/Routing/Router.php(739): Illuminate\\Routing\\Router->dispatchToRoute()
#34 /home/seke9323/ksl.kenamservices.net/vendor/laravel/framework/src/Illuminate/Foundation/Http/Kernel.php(201): Illuminate\\Routing\\Router->dispatch()
#35 /home/seke9323/ksl.kenamservices.net/vendor/laravel/framework/src/Illuminate/Pipeline/Pipeline.php(170): Illuminate\\Foundation\\Http\\Kernel->Illuminate\\Foundation\\Http\\{closure}()
#36 /home/seke9323/ksl.kenamservices.net/vendor/laravel/framework/src/Illuminate/Foundation/Http/Middleware/TransformsRequest.php(21): Illuminate\\Pipeline\\Pipeline->Illuminate\\Pipeline\\{closure}()
#37 /home/seke9323/ksl.kenamservices.net/vendor/laravel/framework/src/Illuminate/Foundation/Http/Middleware/ConvertEmptyStringsToNull.php(31): Illuminate\\Foundation\\Http\\Middleware\\TransformsRequest->handle()
#38 /home/seke9323/ksl.kenamservices.net/vendor/laravel/framework/src/Illuminate/Pipeline/Pipeline.php(209): Illuminate\\Foundation\\Http\\Middleware\\ConvertEmptyStringsToNull->handle()
#39 /home/seke9323/ksl.kenamservices.net/vendor/laravel/framework/src/Illuminate/Foundation/Http/Middleware/TransformsRequest.php(21): Illuminate\\Pipeline\\Pipeline->Illuminate\\Pipeline\\{closure}()
#40 /home/seke9323/ksl.kenamservices.net/vendor/laravel/framework/src/Illuminate/Foundation/Http/Middleware/TrimStrings.php(51): Illuminate\\Foundation\\Http\\Middleware\\TransformsRequest->handle()
#41 /home/seke9323/ksl.kenamservices.net/vendor/laravel/framework/src/Illuminate/Pipeline/Pipeline.php(209): Illuminate\\Foundation\\Http\\Middleware\\TrimStrings->handle()
#42 /home/seke9323/ksl.kenamservices.net/vendor/laravel/framework/src/Illuminate/Http/Middleware/ValidatePostSize.php(27): Illuminate\\Pipeline\\Pipeline->Illuminate\\Pipeline\\{closure}()
#43 /home/seke9323/ksl.kenamservices.net/vendor/laravel/framework/src/Illuminate/Pipeline/Pipeline.php(209): Illuminate\\Http\\Middleware\\ValidatePostSize->handle()
#44 /home/seke9323/ksl.kenamservices.net/vendor/laravel/framework/src/Illuminate/Foundation/Http/Middleware/PreventRequestsDuringMaintenance.php(110): Illuminate\\Pipeline\\Pipeline->Illuminate\\Pipeline\\{closure}()
#45 /home/seke9323/ksl.kenamservices.net/vendor/laravel/framework/src/Illuminate/Pipeline/Pipeline.php(209): Illuminate\\Foundation\\Http\\Middleware\\PreventRequestsDuringMaintenance->handle()
#46 /home/seke9323/ksl.kenamservices.net/vendor/laravel/framework/src/Illuminate/Http/Middleware/HandleCors.php(49): Illuminate\\Pipeline\\Pipeline->Illuminate\\Pipeline\\{closure}()
#47 /home/seke9323/ksl.kenamservices.net/vendor/laravel/framework/src/Illuminate/Pipeline/Pipeline.php(209): Illuminate\\Http\\Middleware\\HandleCors->handle()
#48 /home/seke9323/ksl.kenamservices.net/vendor/laravel/framework/src/Illuminate/Http/Middleware/TrustProxies.php(58): Illuminate\\Pipeline\\Pipeline->Illuminate\\Pipeline\\{closure}()
#49 /home/seke9323/ksl.kenamservices.net/vendor/laravel/framework/src/Illuminate/Pipeline/Pipeline.php(209): Illuminate\\Http\\Middleware\\TrustProxies->handle()
#50 /home/seke9323/ksl.kenamservices.net/vendor/laravel/framework/src/Illuminate/Foundation/Http/Middleware/InvokeDeferredCallbacks.php(22): Illuminate\\Pipeline\\Pipeline->Illuminate\\Pipeline\\{closure}()
#51 /home/seke9323/ksl.kenamservices.net/vendor/laravel/framework/src/Illuminate/Pipeline/Pipeline.php(209): Illuminate\\Foundation\\Http\\Middleware\\InvokeDeferredCallbacks->handle()
#52 /home/seke9323/ksl.kenamservices.net/vendor/laravel/framework/src/Illuminate/Pipeline/Pipeline.php(127): Illuminate\\Pipeline\\Pipeline->Illuminate\\Pipeline\\{closure}()
#53 /home/seke9323/ksl.kenamservices.net/vendor/laravel/framework/src/Illuminate/Foundation/Http/Kernel.php(176): Illuminate\\Pipeline\\Pipeline->then()
#54 /home/seke9323/ksl.kenamservices.net/vendor/laravel/framework/src/Illuminate/Foundation/Http/Kernel.php(145): Illuminate\\Foundation\\Http\\Kernel->sendRequestThroughRouter()
#55 /home/seke9323/ksl.kenamservices.net/vendor/laravel/framework/src/Illuminate/Foundation/Application.php(1220): Illuminate\\Foundation\\Http\\Kernel->handle()
#56 /home/seke9323/ksl.kenamservices.net/public/index.php(17): Illuminate\\Foundation\\Application->handleRequest()
#57 {main}
"} 
[2026-01-17 19:40:07] production.ERROR: This password does not use the Bcrypt algorithm. {"exception":"[object] (RuntimeException(code: 0): This password does not use the Bcrypt algorithm. at /home/seke9323/ksl.kenamservices.net/vendor/laravel/framework/src/Illuminate/Hashing/BcryptHasher.php:76)
[stacktrace]
#0 /home/seke9323/ksl.kenamservices.net/vendor/laravel/framework/src/Illuminate/Hashing/HashManager.php(76): Illuminate\\Hashing\\BcryptHasher->check()
#1 /home/seke9323/ksl.kenamservices.net/vendor/laravel/framework/src/Illuminate/Auth/EloquentUserProvider.php(159): Illuminate\\Hashing\\HashManager->check()
#2 /home/seke9323/ksl.kenamservices.net/vendor/laravel/framework/src/Illuminate/Auth/SessionGuard.php(482): Illuminate\\Auth\\EloquentUserProvider->validateCredentials()
#3 /home/seke9323/ksl.kenamservices.net/vendor/laravel/framework/src/Illuminate/Auth/SessionGuard.php(420): Illuminate\\Auth\\SessionGuard->hasValidCredentials()
#4 /home/seke9323/ksl.kenamservices.net/vendor/laravel/framework/src/Illuminate/Support/Timebox.php(34): Illuminate\\Auth\\SessionGuard->Illuminate\\Auth\\{closure}()
#5 /home/seke9323/ksl.kenamservices.net/vendor/laravel/framework/src/Illuminate/Auth/SessionGuard.php(412): Illuminate\\Support\\Timebox->call()
#6 /home/seke9323/ksl.kenamservices.net/vendor/laravel/framework/src/Illuminate/Auth/AuthManager.php(340): Illuminate\\Auth\\SessionGuard->attempt()
#7 /home/seke9323/ksl.kenamservices.net/app/Http/Controllers/Auth/LoginController.php(27): Illuminate\\Auth\\AuthManager->__call()
#8 /home/seke9323/ksl.kenamservices.net/vendor/laravel/framework/src/Illuminate/Routing/Controller.php(54): App\\Http\\Controllers\\Auth\\LoginController->login()
#9 /home/seke9323/ksl.kenamservices.net/vendor/laravel/framework/src/Illuminate/Routing/ControllerDispatcher.php(44): Illuminate\\Routing\\Controller->callAction()
#10 /home/seke9323/ksl.kenamservices.net/vendor/laravel/framework/src/Illuminate/Routing/Route.php(266): Illuminate\\Routing\\ControllerDispatcher->dispatch()
#11 /home/seke9323/ksl.kenamservices.net/vendor/laravel/framework/src/Illuminate/Routing/Route.php(212): Illuminate\\Routing\\Route->runController()
#12 /home/seke9323/ksl.kenamservices.net/vendor/laravel/framework/src/Illuminate/Routing/Router.php(808): Illuminate\\Routing\\Route->run()
#13 /home/seke9323/ksl.kenamservices.net/vendor/laravel/framework/src/Illuminate/Pipeline/Pipeline.php(170): Illuminate\\Routing\\Router->Illuminate\\Routing\\{closure}()
#14 /home/seke9323/ksl.kenamservices.net/vendor/laravel/framework/src/Illuminate/Auth/Middleware/RedirectIfAuthenticated.php(35): Illuminate\\Pipeline\\Pipeline->Illuminate\\Pipeline\\{closure}()
#15 /home/seke9323/ksl.kenamservices.net/vendor/laravel/framework/src/Illuminate/Pipeline/Pipeline.php(209): Illuminate\\Auth\\Middleware\\RedirectIfAuthenticated->handle()
#16 /home/seke9323/ksl.kenamservices.net/vendor/laravel/framework/src/Illuminate/Routing/Middleware/SubstituteBindings.php(51): Illuminate\\Pipeline\\Pipeline->Illuminate\\Pipeline\\{closure}()
#17 /home/seke9323/ksl.kenamservices.net/vendor/laravel/framework/src/Illuminate/Pipeline/Pipeline.php(209): Illuminate\\Routing\\Middleware\\SubstituteBindings->handle()
#18 /home/seke9323/ksl.kenamservices.net/vendor/laravel/framework/src/Illuminate/Foundation/Http/Middleware/VerifyCsrfToken.php(88): Illuminate\\Pipeline\\Pipeline->Illuminate\\Pipeline\\{closure}()
#19 /home/seke9323/ksl.kenamservices.net/vendor/laravel/framework/src/Illuminate/Pipeline/Pipeline.php(209): Illuminate\\Foundation\\Http\\Middleware\\VerifyCsrfToken->handle()
#20 /home/seke9323/ksl.kenamservices.net/vendor/laravel/framework/src/Illuminate/View/Middleware/ShareErrorsFromSession.php(49): Illuminate\\Pipeline\\Pipeline->Illuminate\\Pipeline\\{closure}()
#21 /home/seke9323/ksl.kenamservices.net/vendor/laravel/framework/src/Illuminate/Pipeline/Pipeline.php(209): Illuminate\\View\\Middleware\\ShareErrorsFromSession->handle()
#22 /home/seke9323/ksl.kenamservices.net/vendor/laravel/framework/src/Illuminate/Session/Middleware/StartSession.php(121): Illuminate\\Pipeline\\Pipeline->Illuminate\\Pipeline\\{closure}()
#23 /home/seke9323/ksl.kenamservices.net/vendor/laravel/framework/src/Illuminate/Session/Middleware/StartSession.php(64): Illuminate\\Session\\Middleware\\StartSession->handleStatefulRequest()
#24 /home/seke9323/ksl.kenamservices.net/vendor/laravel/framework/src/Illuminate/Pipeline/Pipeline.php(209): Illuminate\\Session\\Middleware\\StartSession->handle()
#25 /home/seke9323/ksl.kenamservices.net/vendor/laravel/framework/src/Illuminate/Cookie/Middleware/AddQueuedCookiesToResponse.php(37): Illuminate\\Pipeline\\Pipeline->Illuminate\\Pipeline\\{closure}()
#26 /home/seke9323/ksl.kenamservices.net/vendor/laravel/framework/src/Illuminate/Pipeline/Pipeline.php(209): Illuminate\\Cookie\\Middleware\\AddQueuedCookiesToResponse->handle()
#27 /home/seke9323/ksl.kenamservices.net/vendor/laravel/framework/src/Illuminate/Cookie/Middleware/EncryptCookies.php(75): Illuminate\\Pipeline\\Pipeline->Illuminate\\Pipeline\\{closure}()
#28 /home/seke9323/ksl.kenamservices.net/vendor/laravel/framework/src/Illuminate/Pipeline/Pipeline.php(209): Illuminate\\Cookie\\Middleware\\EncryptCookies->handle()
#29 /home/seke9323/ksl.kenamservices.net/vendor/laravel/framework/src/Illuminate/Pipeline/Pipeline.php(127): Illuminate\\Pipeline\\Pipeline->Illuminate\\Pipeline\\{closure}()
#30 /home/seke9323/ksl.kenamservices.net/vendor/laravel/framework/src/Illuminate/Routing/Router.php(807): Illuminate\\Pipeline\\Pipeline->then()
#31 /home/seke9323/ksl.kenamservices.net/vendor/laravel/framework/src/Illuminate/Routing/Router.php(786): Illuminate\\Routing\\Router->runRouteWithinStack()
#32 /home/seke9323/ksl.kenamservices.net/vendor/laravel/framework/src/Illuminate/Routing/Router.php(750): Illuminate\\Routing\\Router->runRoute()
#33 /home/seke9323/ksl.kenamservices.net/vendor/laravel/framework/src/Illuminate/Routing/Router.php(739): Illuminate\\Routing\\Router->dispatchToRoute()
#34 /home/seke9323/ksl.kenamservices.net/vendor/laravel/framework/src/Illuminate/Foundation/Http/Kernel.php(201): Illuminate\\Routing\\Router->dispatch()
#35 /home/seke9323/ksl.kenamservices.net/vendor/laravel/framework/src/Illuminate/Pipeline/Pipeline.php(170): Illuminate\\Foundation\\Http\\Kernel->Illuminate\\Foundation\\Http\\{closure}()
#36 /home/seke9323/ksl.kenamservices.net/vendor/laravel/framework/src/Illuminate/Foundation/Http/Middleware/TransformsRequest.php(21): Illuminate\\Pipeline\\Pipeline->Illuminate\\Pipeline\\{closure}()
#37 /home/seke9323/ksl.kenamservices.net/vendor/laravel/framework/src/Illuminate/Foundation/Http/Middleware/ConvertEmptyStringsToNull.php(31): Illuminate\\Foundation\\Http\\Middleware\\TransformsRequest->handle()
#38 /home/seke9323/ksl.kenamservices.net/vendor/laravel/framework/src/Illuminate/Pipeline/Pipeline.php(209): Illuminate\\Foundation\\Http\\Middleware\\ConvertEmptyStringsToNull->handle()
#39 /home/seke9323/ksl.kenamservices.net/vendor/laravel/framework/src/Illuminate/Foundation/Http/Middleware/TransformsRequest.php(21): Illuminate\\Pipeline\\Pipeline->Illuminate\\Pipeline\\{closure}()
#40 /home/seke9323/ksl.kenamservices.net/vendor/laravel/framework/src/Illuminate/Foundation/Http/Middleware/TrimStrings.php(51): Illuminate\\Foundation\\Http\\Middleware\\TransformsRequest->handle()
#41 /home/seke9323/ksl.kenamservices.net/vendor/laravel/framework/src/Illuminate/Pipeline/Pipeline.php(209): Illuminate\\Foundation\\Http\\Middleware\\TrimStrings->handle()
#42 /home/seke9323/ksl.kenamservices.net/vendor/laravel/framework/src/Illuminate/Http/Middleware/ValidatePostSize.php(27): Illuminate\\Pipeline\\Pipeline->Illuminate\\Pipeline\\{closure}()
#43 /home/seke9323/ksl.kenamservices.net/vendor/laravel/framework/src/Illuminate/Pipeline/Pipeline.php(209): Illuminate\\Http\\Middleware\\ValidatePostSize->handle()
#44 /home/seke9323/ksl.kenamservices.net/vendor/laravel/framework/src/Illuminate/Foundation/Http/Middleware/PreventRequestsDuringMaintenance.php(110): Illuminate\\Pipeline\\Pipeline->Illuminate\\Pipeline\\{closure}()
#45 /home/seke9323/ksl.kenamservices.net/vendor/laravel/framework/src/Illuminate/Pipeline/Pipeline.php(209): Illuminate\\Foundation\\Http\\Middleware\\PreventRequestsDuringMaintenance->handle()
#46 /home/seke9323/ksl.kenamservices.net/vendor/laravel/framework/src/Illuminate/Http/Middleware/HandleCors.php(49): Illuminate\\Pipeline\\Pipeline->Illuminate\\Pipeline\\{closure}()
#47 /home/seke9323/ksl.kenamservices.net/vendor/laravel/framework/src/Illuminate/Pipeline/Pipeline.php(209): Illuminate\\Http\\Middleware\\HandleCors->handle()
#48 /home/seke9323/ksl.kenamservices.net/vendor/laravel/framework/src/Illuminate/Http/Middleware/TrustProxies.php(58): Illuminate\\Pipeline\\Pipeline->Illuminate\\Pipeline\\{closure}()
#49 /home/seke9323/ksl.kenamservices.net/vendor/laravel/framework/src/Illuminate/Pipeline/Pipeline.php(209): Illuminate\\Http\\Middleware\\TrustProxies->handle()
#50 /home/seke9323/ksl.kenamservices.net/vendor/laravel/framework/src/Illuminate/Foundation/Http/Middleware/InvokeDeferredCallbacks.php(22): Illuminate\\Pipeline\\Pipeline->Illuminate\\Pipeline\\{closure}()
#51 /home/seke9323/ksl.kenamservices.net/vendor/laravel/framework/src/Illuminate/Pipeline/Pipeline.php(209): Illuminate\\Foundation\\Http\\Middleware\\InvokeDeferredCallbacks->handle()
#52 /home/seke9323/ksl.kenamservices.net/vendor/laravel/framework/src/Illuminate/Pipeline/Pipeline.php(127): Illuminate\\Pipeline\\Pipeline->Illuminate\\Pipeline\\{closure}()
#53 /home/seke9323/ksl.kenamservices.net/vendor/laravel/framework/src/Illuminate/Foundation/Http/Kernel.php(176): Illuminate\\Pipeline\\Pipeline->then()
#54 /home/seke9323/ksl.kenamservices.net/vendor/laravel/framework/src/Illuminate/Foundation/Http/Kernel.php(145): Illuminate\\Foundation\\Http\\Kernel->sendRequestThroughRouter()
#55 /home/seke9323/ksl.kenamservices.net/vendor/laravel/framework/src/Illuminate/Foundation/Application.php(1220): Illuminate\\Foundation\\Http\\Kernel->handle()
#56 /home/seke9323/ksl.kenamservices.net/public/index.php(17): Illuminate\\Foundation\\Application->handleRequest()
#57 {main}
"} 
[2026-01-17 23:51:58] production.ERROR: This password does not use the Bcrypt algorithm. {"exception":"[object] (RuntimeException(code: 0): This password does not use the Bcrypt algorithm. at /home/seke9323/ksl.kenamservices.net/vendor/laravel/framework/src/Illuminate/Hashing/BcryptHasher.php:76)
[stacktrace]
#0 /home/seke9323/ksl.kenamservices.net/vendor/laravel/framework/src/Illuminate/Hashing/HashManager.php(76): Illuminate\\Hashing\\BcryptHasher->check()
#1 /home/seke9323/ksl.kenamservices.net/vendor/laravel/framework/src/Illuminate/Auth/EloquentUserProvider.php(159): Illuminate\\Hashing\\HashManager->check()
#2 /home/seke9323/ksl.kenamservices.net/vendor/laravel/framework/src/Illuminate/Auth/SessionGuard.php(482): Illuminate\\Auth\\EloquentUserProvider->validateCredentials()
#3 /home/seke9323/ksl.kenamservices.net/vendor/laravel/framework/src/Illuminate/Auth/SessionGuard.php(420): Illuminate\\Auth\\SessionGuard->hasValidCredentials()
#4 /home/seke9323/ksl.kenamservices.net/vendor/laravel/framework/src/Illuminate/Support/Timebox.php(34): Illuminate\\Auth\\SessionGuard->Illuminate\\Auth\\{closure}()
#5 /home/seke9323/ksl.kenamservices.net/vendor/laravel/framework/src/Illuminate/Auth/SessionGuard.php(412): Illuminate\\Support\\Timebox->call()
#6 /home/seke9323/ksl.kenamservices.net/vendor/laravel/framework/src/Illuminate/Auth/AuthManager.php(340): Illuminate\\Auth\\SessionGuard->attempt()
#7 /home/seke9323/ksl.kenamservices.net/app/Http/Controllers/Auth/LoginController.php(27): Illuminate\\Auth\\AuthManager->__call()
#8 /home/seke9323/ksl.kenamservices.net/vendor/laravel/framework/src/Illuminate/Routing/Controller.php(54): App\\Http\\Controllers\\Auth\\LoginController->login()
#9 /home/seke9323/ksl.kenamservices.net/vendor/laravel/framework/src/Illuminate/Routing/ControllerDispatcher.php(44): Illuminate\\Routing\\Controller->callAction()
#10 /home/seke9323/ksl.kenamservices.net/vendor/laravel/framework/src/Illuminate/Routing/Route.php(266): Illuminate\\Routing\\ControllerDispatcher->dispatch()
#11 /home/seke9323/ksl.kenamservices.net/vendor/laravel/framework/src/Illuminate/Routing/Route.php(212): Illuminate\\Routing\\Route->runController()
#12 /home/seke9323/ksl.kenamservices.net/vendor/laravel/framework/src/Illuminate/Routing/Router.php(808): Illuminate\\Routing\\Route->run()
#13 /home/seke9323/ksl.kenamservices.net/vendor/laravel/framework/src/Illuminate/Pipeline/Pipeline.php(170): Illuminate\\Routing\\Router->Illuminate\\Routing\\{closure}()
#14 /home/seke9323/ksl.kenamservices.net/vendor/laravel/framework/src/Illuminate/Auth/Middleware/RedirectIfAuthenticated.php(35): Illuminate\\Pipeline\\Pipeline->Illuminate\\Pipeline\\{closure}()
#15 /home/seke9323/ksl.kenamservices.net/vendor/laravel/framework/src/Illuminate/Pipeline/Pipeline.php(209): Illuminate\\Auth\\Middleware\\RedirectIfAuthenticated->handle()
#16 /home/seke9323/ksl.kenamservices.net/vendor/laravel/framework/src/Illuminate/Routing/Middleware/SubstituteBindings.php(51): Illuminate\\Pipeline\\Pipeline->Illuminate\\Pipeline\\{closure}()
#17 /home/seke9323/ksl.kenamservices.net/vendor/laravel/framework/src/Illuminate/Pipeline/Pipeline.php(209): Illuminate\\Routing\\Middleware\\SubstituteBindings->handle()
#18 /home/seke9323/ksl.kenamservices.net/vendor/laravel/framework/src/Illuminate/Foundation/Http/Middleware/VerifyCsrfToken.php(88): Illuminate\\Pipeline\\Pipeline->Illuminate\\Pipeline\\{closure}()
#19 /home/seke9323/ksl.kenamservices.net/vendor/laravel/framework/src/Illuminate/Pipeline/Pipeline.php(209): Illuminate\\Foundation\\Http\\Middleware\\VerifyCsrfToken->handle()
#20 /home/seke9323/ksl.kenamservices.net/vendor/laravel/framework/src/Illuminate/View/Middleware/ShareErrorsFromSession.php(49): Illuminate\\Pipeline\\Pipeline->Illuminate\\Pipeline\\{closure}()
#21 /home/seke9323/ksl.kenamservices.net/vendor/laravel/framework/src/Illuminate/Pipeline/Pipeline.php(209): Illuminate\\View\\Middleware\\ShareErrorsFromSession->handle()
#22 /home/seke9323/ksl.kenamservices.net/vendor/laravel/framework/src/Illuminate/Session/Middleware/StartSession.php(121): Illuminate\\Pipeline\\Pipeline->Illuminate\\Pipeline\\{closure}()
#23 /home/seke9323/ksl.kenamservices.net/vendor/laravel/framework/src/Illuminate/Session/Middleware/StartSession.php(64): Illuminate\\Session\\Middleware\\StartSession->handleStatefulRequest()
#24 /home/seke9323/ksl.kenamservices.net/vendor/laravel/framework/src/Illuminate/Pipeline/Pipeline.php(209): Illuminate\\Session\\Middleware\\StartSession->handle()
#25 /home/seke9323/ksl.kenamservices.net/vendor/laravel/framework/src/Illuminate/Cookie/Middleware/AddQueuedCookiesToResponse.php(37): Illuminate\\Pipeline\\Pipeline->Illuminate\\Pipeline\\{closure}()
#26 /home/seke9323/ksl.kenamservices.net/vendor/laravel/framework/src/Illuminate/Pipeline/Pipeline.php(209): Illuminate\\Cookie\\Middleware\\AddQueuedCookiesToResponse->handle()
#27 /home/seke9323/ksl.kenamservices.net/vendor/laravel/framework/src/Illuminate/Cookie/Middleware/EncryptCookies.php(75): Illuminate\\Pipeline\\Pipeline->Illuminate\\Pipeline\\{closure}()
#28 /home/seke9323/ksl.kenamservices.net/vendor/laravel/framework/src/Illuminate/Pipeline/Pipeline.php(209): Illuminate\\Cookie\\Middleware\\EncryptCookies->handle()
#29 /home/seke9323/ksl.kenamservices.net/vendor/laravel/framework/src/Illuminate/Pipeline/Pipeline.php(127): Illuminate\\Pipeline\\Pipeline->Illuminate\\Pipeline\\{closure}()
#30 /home/seke9323/ksl.kenamservices.net/vendor/laravel/framework/src/Illuminate/Routing/Router.php(807): Illuminate\\Pipeline\\Pipeline->then()
#31 /home/seke9323/ksl.kenamservices.net/vendor/laravel/framework/src/Illuminate/Routing/Router.php(786): Illuminate\\Routing\\Router->runRouteWithinStack()
#32 /home/seke9323/ksl.kenamservices.net/vendor/laravel/framework/src/Illuminate/Routing/Router.php(750): Illuminate\\Routing\\Router->runRoute()
#33 /home/seke9323/ksl.kenamservices.net/vendor/laravel/framework/src/Illuminate/Routing/Router.php(739): Illuminate\\Routing\\Router->dispatchToRoute()
#34 /home/seke9323/ksl.kenamservices.net/vendor/laravel/framework/src/Illuminate/Foundation/Http/Kernel.php(201): Illuminate\\Routing\\Router->dispatch()
#35 /home/seke9323/ksl.kenamservices.net/vendor/laravel/framework/src/Illuminate/Pipeline/Pipeline.php(170): Illuminate\\Foundation\\Http\\Kernel->Illuminate\\Foundation\\Http\\{closure}()
#36 /home/seke9323/ksl.kenamservices.net/vendor/laravel/framework/src/Illuminate/Foundation/Http/Middleware/TransformsRequest.php(21): Illuminate\\Pipeline\\Pipeline->Illuminate\\Pipeline\\{closure}()
#37 /home/seke9323/ksl.kenamservices.net/vendor/laravel/framework/src/Illuminate/Foundation/Http/Middleware/ConvertEmptyStringsToNull.php(31): Illuminate\\Foundation\\Http\\Middleware\\TransformsRequest->handle()
#38 /home/seke9323/ksl.kenamservices.net/vendor/laravel/framework/src/Illuminate/Pipeline/Pipeline.php(209): Illuminate\\Foundation\\Http\\Middleware\\ConvertEmptyStringsToNull->handle()
#39 /home/seke9323/ksl.kenamservices.net/vendor/laravel/framework/src/Illuminate/Foundation/Http/Middleware/TransformsRequest.php(21): Illuminate\\Pipeline\\Pipeline->Illuminate\\Pipeline\\{closure}()
#40 /home/seke9323/ksl.kenamservices.net/vendor/laravel/framework/src/Illuminate/Foundation/Http/Middleware/TrimStrings.php(51): Illuminate\\Foundation\\Http\\Middleware\\TransformsRequest->handle()
#41 /home/seke9323/ksl.kenamservices.net/vendor/laravel/framework/src/Illuminate/Pipeline/Pipeline.php(209): Illuminate\\Foundation\\Http\\Middleware\\TrimStrings->handle()
#42 /home/seke9323/ksl.kenamservices.net/vendor/laravel/framework/src/Illuminate/Http/Middleware/ValidatePostSize.php(27): Illuminate\\Pipeline\\Pipeline->Illuminate\\Pipeline\\{closure}()
#43 /home/seke9323/ksl.kenamservices.net/vendor/laravel/framework/src/Illuminate/Pipeline/Pipeline.php(209): Illuminate\\Http\\Middleware\\ValidatePostSize->handle()
#44 /home/seke9323/ksl.kenamservices.net/vendor/laravel/framework/src/Illuminate/Foundation/Http/Middleware/PreventRequestsDuringMaintenance.php(110): Illuminate\\Pipeline\\Pipeline->Illuminate\\Pipeline\\{closure}()
#45 /home/seke9323/ksl.kenamservices.net/vendor/laravel/framework/src/Illuminate/Pipeline/Pipeline.php(209): Illuminate\\Foundation\\Http\\Middleware\\PreventRequestsDuringMaintenance->handle()
#46 /home/seke9323/ksl.kenamservices.net/vendor/laravel/framework/src/Illuminate/Http/Middleware/HandleCors.php(49): Illuminate\\Pipeline\\Pipeline->Illuminate\\Pipeline\\{closure}()
#47 /home/seke9323/ksl.kenamservices.net/vendor/laravel/framework/src/Illuminate/Pipeline/Pipeline.php(209): Illuminate\\Http\\Middleware\\HandleCors->handle()
#48 /home/seke9323/ksl.kenamservices.net/vendor/laravel/framework/src/Illuminate/Http/Middleware/TrustProxies.php(58): Illuminate\\Pipeline\\Pipeline->Illuminate\\Pipeline\\{closure}()
#49 /home/seke9323/ksl.kenamservices.net/vendor/laravel/framework/src/Illuminate/Pipeline/Pipeline.php(209): Illuminate\\Http\\Middleware\\TrustProxies->handle()
#50 /home/seke9323/ksl.kenamservices.net/vendor/laravel/framework/src/Illuminate/Foundation/Http/Middleware/InvokeDeferredCallbacks.php(22): Illuminate\\Pipeline\\Pipeline->Illuminate\\Pipeline\\{closure}()
#51 /home/seke9323/ksl.kenamservices.net/vendor/laravel/framework/src/Illuminate/Pipeline/Pipeline.php(209): Illuminate\\Foundation\\Http\\Middleware\\InvokeDeferredCallbacks->handle()
#52 /home/seke9323/ksl.kenamservices.net/vendor/laravel/framework/src/Illuminate/Pipeline/Pipeline.php(127): Illuminate\\Pipeline\\Pipeline->Illuminate\\Pipeline\\{closure}()
#53 /home/seke9323/ksl.kenamservices.net/vendor/laravel/framework/src/Illuminate/Foundation/Http/Kernel.php(176): Illuminate\\Pipeline\\Pipeline->then()
#54 /home/seke9323/ksl.kenamservices.net/vendor/laravel/framework/src/Illuminate/Foundation/Http/Kernel.php(145): Illuminate\\Foundation\\Http\\Kernel->sendRequestThroughRouter()
#55 /home/seke9323/ksl.kenamservices.net/vendor/laravel/framework/src/Illuminate/Foundation/Application.php(1220): Illuminate\\Foundation\\Http\\Kernel->handle()
#56 /home/seke9323/ksl.kenamservices.net/public/index.php(17): Illuminate\\Foundation\\Application->handleRequest()
#57 {main}
"} 
